,Value,Weight,Solution
0,3757.0,1477.0,"[66, 34, 67, 84, 83, 13, 74, 98, 50, 31, 89, 2, 12, 68, 65, 96, 93, 25, 40, 78, 59, 15, 55, 19, 62, 75, 9, 35, 37, 48, 79, 87, 82, 20, 28, 72, 45, 77, 38, 23, 32, 85, 70, 42, 10, 54, 90, 44, 58, 56, 94, 41, 92, 8, 1, 5, 69, 29, 46]"
1,3757.0,1477.0,"[66, 34, 67, 84, 83, 13, 74, 98, 50, 31, 89, 2, 12, 68, 65, 96, 93, 25, 40, 78, 59, 15, 55, 19, 62, 75, 9, 35, 37, 48, 79, 87, 82, 20, 28, 72, 45, 77, 38, 23, 32, 85, 70, 42, 10, 54, 90, 44, 58, 56, 94, 41, 92, 8, 1, 5, 69, 29, 46]"
2,3757.0,1477.0,"[66, 34, 67, 84, 83, 13, 74, 98, 50, 31, 89, 2, 12, 68, 65, 96, 93, 25, 40, 78, 59, 15, 55, 19, 62, 75, 9, 35, 37, 48, 79, 87, 82, 20, 28, 72, 45, 77, 38, 23, 32, 85, 70, 42, 10, 54, 90, 44, 58, 56, 94, 41, 92, 8, 1, 5, 69, 29, 46]"
3,3784.0,1479.0,"[66, 34, 67, 84, 83, 13, 74, 98, 50, 31, 89, 2, 12, 68, 65, 96, 93, 25, 40, 78, 59, 15, 55, 19, 62, 75, 9, 35, 37, 48, 79, 87, 82, 20, 72, 45, 77, 38, 23, 32, 85, 70, 42, 10, 54, 90, 44, 58, 56, 94, 41, 92, 8, 1, 5, 69, 29, 46, 76]"
4,3784.0,1479.0,"[66, 34, 67, 84, 83, 13, 74, 98, 50, 31, 89, 2, 12, 68, 65, 96, 93, 25, 40, 78, 59, 15, 55, 19, 62, 75, 9, 35, 37, 48, 79, 87, 82, 20, 72, 45, 77, 38, 23, 32, 85, 70, 42, 10, 54, 90, 44, 58, 56, 94, 41, 92, 8, 1, 5, 69, 29, 46, 76]"
5,3773.0,1485.0,"[66, 34, 67, 84, 83, 13, 74, 98, 50, 31, 89, 2, 12, 68, 65, 96, 93, 25, 40, 78, 59, 15, 55, 19, 62, 75, 9, 35, 37, 48, 79, 87, 82, 20, 72, 45, 77, 38, 23, 32, 85, 70, 42, 10, 54, 90, 44, 56, 94, 41, 92, 8, 1, 5, 69, 29, 46, 76, 17]"
6,3773.0,1485.0,"[66, 34, 67, 84, 83, 13, 74, 98, 50, 31, 89, 2, 12, 68, 65, 96, 93, 25, 40, 78, 59, 15, 55, 19, 62, 75, 9, 35, 37, 48, 79, 87, 82, 20, 72, 45, 77, 38, 23, 32, 85, 70, 42, 10, 54, 90, 44, 56, 94, 41, 92, 8, 1, 5, 69, 29, 46, 76, 17]"
7,3773.0,1485.0,"[66, 34, 67, 84, 83, 13, 74, 98, 50, 31, 89, 2, 12, 68, 65, 96, 93, 25, 40, 78, 59, 15, 55, 19, 62, 75, 9, 35, 37, 48, 79, 87, 82, 20, 72, 45, 77, 38, 23, 32, 85, 70, 42, 10, 54, 90, 44, 56, 94, 41, 92, 8, 1, 5, 69, 29, 46, 76, 17]"
8,3787.0,1478.0,"[66, 34, 67, 84, 83, 13, 74, 98, 50, 31, 89, 2, 12, 68, 65, 96, 93, 25, 40, 78, 59, 15, 55, 19, 62, 75, 9, 35, 37, 48, 79, 87, 82, 20, 72, 45, 77, 38, 23, 32, 85, 70, 42, 10, 54, 90, 44, 56, 94, 41, 92, 8, 1, 5, 29, 46, 76, 17, 53]"
9,3787.0,1478.0,"[66, 34, 67, 84, 83, 13, 74, 98, 50, 31, 89, 2, 12, 68, 65, 96, 93, 25, 40, 78, 59, 15, 55, 19, 62, 75, 9, 35, 37, 48, 79, 87, 82, 20, 72, 45, 77, 38, 23, 32, 85, 70, 42, 10, 54, 90, 44, 56, 94, 41, 92, 8, 1, 5, 29, 46, 76, 17, 53]"
10,3787.0,1478.0,"[66, 34, 67, 84, 83, 13, 74, 98, 50, 31, 89, 2, 12, 68, 65, 96, 93, 25, 40, 78, 59, 15, 55, 19, 62, 75, 9, 35, 37, 48, 79, 87, 82, 20, 72, 45, 77, 38, 23, 32, 85, 70, 42, 10, 54, 90, 44, 56, 94, 41, 92, 8, 1, 5, 29, 46, 76, 17, 53]"
11,3770.0,1449.0,"[66, 34, 67, 84, 83, 13, 74, 98, 31, 89, 2, 12, 68, 65, 96, 93, 25, 40, 78, 59, 15, 55, 19, 62, 75, 9, 35, 37, 48, 79, 87, 82, 20, 72, 45, 77, 38, 23, 32, 85, 70, 42, 10, 54, 90, 44, 56, 94, 41, 92, 8, 1, 5, 29, 46, 76, 17, 53, 22]"
12,3770.0,1449.0,"[66, 34, 67, 84, 83, 13, 74, 98, 31, 89, 2, 12, 68, 65, 96, 93, 25, 40, 78, 59, 15, 55, 19, 62, 75, 9, 35, 37, 48, 79, 87, 82, 20, 72, 45, 77, 38, 23, 32, 85, 70, 42, 10, 54, 90, 44, 56, 94, 41, 92, 8, 1, 5, 29, 46, 76, 17, 53, 22]"
13,3748.0,1493.0,"[66, 34, 67, 84, 83, 13, 74, 98, 31, 89, 2, 12, 68, 65, 96, 93, 25, 40, 78, 59, 15, 55, 19, 62, 75, 9, 35, 37, 48, 79, 87, 82, 20, 72, 45, 38, 23, 32, 85, 70, 42, 10, 54, 90, 44, 56, 94, 41, 92, 8, 1, 5, 29, 46, 76, 17, 53, 22, 80]"
14,3748.0,1493.0,"[66, 34, 67, 84, 83, 13, 74, 98, 31, 89, 2, 12, 68, 65, 96, 93, 25, 40, 78, 59, 15, 55, 19, 62, 75, 9, 35, 37, 48, 79, 87, 82, 20, 72, 45, 38, 23, 32, 85, 70, 42, 10, 54, 90, 44, 56, 94, 41, 92, 8, 1, 5, 29, 46, 76, 17, 53, 22, 80]"
15,3748.0,1493.0,"[66, 34, 67, 84, 83, 13, 74, 98, 31, 89, 2, 12, 68, 65, 96, 93, 25, 40, 78, 59, 15, 55, 19, 62, 75, 9, 35, 37, 48, 79, 87, 82, 20, 72, 45, 38, 23, 32, 85, 70, 42, 10, 54, 90, 44, 56, 94, 41, 92, 8, 1, 5, 29, 46, 76, 17, 53, 22, 80]"
16,3748.0,1493.0,"[66, 34, 67, 84, 83, 13, 74, 98, 31, 89, 2, 12, 68, 65, 96, 93, 25, 40, 78, 59, 15, 55, 19, 62, 75, 9, 35, 37, 48, 79, 87, 82, 20, 72, 45, 38, 23, 32, 85, 70, 42, 10, 54, 90, 44, 56, 94, 41, 92, 8, 1, 5, 29, 46, 76, 17, 53, 22, 80]"
17,3748.0,1493.0,"[66, 34, 67, 84, 83, 13, 74, 98, 31, 89, 2, 12, 68, 65, 96, 93, 25, 40, 78, 59, 15, 55, 19, 62, 75, 9, 35, 37, 48, 79, 87, 82, 20, 72, 45, 38, 23, 32, 85, 70, 42, 10, 54, 90, 44, 56, 94, 41, 92, 8, 1, 5, 29, 46, 76, 17, 53, 22, 80]"
18,3748.0,1493.0,"[66, 34, 67, 84, 83, 13, 74, 98, 31, 89, 2, 12, 68, 65, 96, 93, 25, 40, 78, 59, 15, 55, 19, 62, 75, 9, 35, 37, 48, 79, 87, 82, 20, 72, 45, 38, 23, 32, 85, 70, 42, 10, 54, 90, 44, 56, 94, 41, 92, 8, 1, 5, 29, 46, 76, 17, 53, 22, 80]"
19,3748.0,1493.0,"[66, 34, 67, 84, 83, 13, 74, 98, 31, 89, 2, 12, 68, 65, 96, 93, 25, 40, 78, 59, 15, 55, 19, 62, 75, 9, 35, 37, 48, 79, 87, 82, 20, 72, 45, 38, 23, 32, 85, 70, 42, 10, 54, 90, 44, 56, 94, 41, 92, 8, 1, 5, 29, 46, 76, 17, 53, 22, 80]"
20,3748.0,1493.0,"[66, 34, 67, 84, 83, 13, 74, 98, 31, 89, 2, 12, 68, 65, 96, 93, 25, 40, 78, 59, 15, 55, 19, 62, 75, 9, 35, 37, 48, 79, 87, 82, 20, 72, 45, 38, 23, 32, 85, 70, 42, 10, 54, 90, 44, 56, 94, 41, 92, 8, 1, 5, 29, 46, 76, 17, 53, 22, 80]"
21,3748.0,1493.0,"[66, 34, 67, 84, 83, 13, 74, 98, 31, 89, 2, 12, 68, 65, 96, 93, 25, 40, 78, 59, 15, 55, 19, 62, 75, 9, 35, 37, 48, 79, 87, 82, 20, 72, 45, 38, 23, 32, 85, 70, 42, 10, 54, 90, 44, 56, 94, 41, 92, 8, 1, 5, 29, 46, 76, 17, 53, 22, 80]"
22,3748.0,1493.0,"[66, 34, 67, 84, 83, 13, 74, 98, 31, 89, 2, 12, 68, 65, 96, 93, 25, 40, 78, 59, 15, 55, 19, 62, 75, 9, 35, 37, 48, 79, 87, 82, 20, 72, 45, 38, 23, 32, 85, 70, 42, 10, 54, 90, 44, 56, 94, 41, 92, 8, 1, 5, 29, 46, 76, 17, 53, 22, 80]"
23,3748.0,1493.0,"[66, 34, 67, 84, 83, 13, 74, 98, 31, 89, 2, 12, 68, 65, 96, 93, 25, 40, 78, 59, 15, 55, 19, 62, 75, 9, 35, 37, 48, 79, 87, 82, 20, 72, 45, 38, 23, 32, 85, 70, 42, 10, 54, 90, 44, 56, 94, 41, 92, 8, 1, 5, 29, 46, 76, 17, 53, 22, 80]"
24,3748.0,1493.0,"[66, 34, 67, 84, 83, 13, 74, 98, 31, 89, 2, 12, 68, 65, 96, 93, 25, 40, 78, 59, 15, 55, 19, 62, 75, 9, 35, 37, 48, 79, 87, 82, 20, 72, 45, 38, 23, 32, 85, 70, 42, 10, 54, 90, 44, 56, 94, 41, 92, 8, 1, 5, 29, 46, 76, 17, 53, 22, 80]"
25,3775.0,1485.0,"[66, 34, 67, 84, 83, 13, 74, 98, 31, 89, 2, 12, 68, 65, 96, 93, 25, 40, 78, 59, 15, 55, 19, 62, 75, 9, 35, 37, 48, 79, 87, 82, 20, 72, 45, 38, 23, 32, 85, 70, 42, 10, 54, 90, 56, 94, 41, 92, 8, 1, 5, 29, 46, 76, 17, 53, 22, 80, 71]"
26,3739.0,1490.0,"[66, 34, 67, 84, 83, 13, 74, 98, 31, 89, 2, 12, 68, 65, 96, 93, 25, 40, 78, 59, 15, 55, 19, 62, 75, 9, 35, 37, 48, 79, 87, 20, 72, 45, 38, 23, 32, 85, 70, 42, 10, 54, 90, 56, 94, 41, 92, 8, 1, 5, 29, 46, 76, 17, 53, 22, 80, 71, 24]"
27,3739.0,1490.0,"[66, 34, 67, 84, 83, 13, 74, 98, 31, 89, 2, 12, 68, 65, 96, 93, 25, 40, 78, 59, 15, 55, 19, 62, 75, 9, 35, 37, 48, 79, 87, 20, 72, 45, 38, 23, 32, 85, 70, 42, 10, 54, 90, 56, 94, 41, 92, 8, 1, 5, 29, 46, 76, 17, 53, 22, 80, 71, 24]"
28,3750.0,1471.0,"[66, 34, 67, 84, 83, 13, 74, 98, 31, 89, 2, 12, 68, 65, 96, 93, 25, 40, 78, 59, 15, 19, 62, 75, 9, 35, 37, 48, 79, 87, 20, 72, 45, 38, 23, 32, 85, 70, 42, 10, 54, 90, 56, 94, 41, 92, 8, 1, 5, 29, 46, 76, 17, 53, 22, 80, 71, 24, 77]"
29,3713.0,1456.0,"[66, 34, 67, 84, 83, 13, 74, 98, 31, 89, 2, 12, 68, 65, 96, 93, 25, 40, 78, 59, 15, 19, 62, 75, 9, 35, 37, 48, 79, 87, 20, 72, 45, 38, 32, 85, 70, 42, 10, 54, 90, 56, 94, 41, 92, 8, 1, 5, 29, 46, 76, 17, 53, 22, 80, 71, 24, 77, 58]"
30,3670.0,1465.0,"[66, 34, 67, 84, 83, 13, 74, 98, 31, 89, 2, 12, 68, 65, 96, 93, 25, 40, 78, 15, 19, 62, 75, 9, 35, 37, 48, 79, 87, 20, 72, 45, 38, 32, 85, 70, 42, 10, 54, 90, 56, 94, 41, 92, 8, 1, 5, 29, 46, 76, 17, 53, 22, 80, 71, 24, 77, 58, 91]"
31,3665.0,1462.0,"[66, 34, 67, 84, 83, 13, 74, 98, 31, 89, 2, 12, 68, 65, 96, 93, 25, 40, 78, 15, 19, 62, 75, 9, 35, 37, 48, 79, 87, 20, 72, 45, 38, 32, 85, 70, 42, 10, 54, 90, 56, 94, 41, 92, 1, 5, 29, 46, 76, 17, 53, 22, 80, 71, 24, 77, 58, 91, 69]"
32,3665.0,1462.0,"[66, 34, 67, 84, 83, 13, 74, 98, 31, 89, 2, 12, 68, 65, 96, 93, 25, 40, 78, 15, 19, 62, 75, 9, 35, 37, 48, 79, 87, 20, 72, 45, 38, 32, 85, 70, 42, 10, 54, 90, 56, 94, 41, 92, 1, 5, 29, 46, 76, 17, 53, 22, 80, 71, 24, 77, 58, 91, 69]"
33,3665.0,1462.0,"[66, 34, 67, 84, 83, 13, 74, 98, 31, 89, 2, 12, 68, 65, 96, 93, 25, 40, 78, 15, 19, 62, 75, 9, 35, 37, 48, 79, 87, 20, 72, 45, 38, 32, 85, 70, 42, 10, 54, 90, 56, 94, 41, 92, 1, 5, 29, 46, 76, 17, 53, 22, 80, 71, 24, 77, 58, 91, 69]"
34,3665.0,1462.0,"[66, 34, 67, 84, 83, 13, 74, 98, 31, 89, 2, 12, 68, 65, 96, 93, 25, 40, 78, 15, 19, 62, 75, 9, 35, 37, 48, 79, 87, 20, 72, 45, 38, 32, 85, 70, 42, 10, 54, 90, 56, 94, 41, 92, 1, 5, 29, 46, 76, 17, 53, 22, 80, 71, 24, 77, 58, 91, 69]"
35,3665.0,1462.0,"[66, 34, 67, 84, 83, 13, 74, 98, 31, 89, 2, 12, 68, 65, 96, 93, 25, 40, 78, 15, 19, 62, 75, 9, 35, 37, 48, 79, 87, 20, 72, 45, 38, 32, 85, 70, 42, 10, 54, 90, 56, 94, 41, 92, 1, 5, 29, 46, 76, 17, 53, 22, 80, 71, 24, 77, 58, 91, 69]"
36,3651.0,1474.0,"[66, 34, 67, 84, 83, 13, 74, 98, 31, 89, 2, 12, 68, 65, 96, 93, 25, 40, 78, 15, 19, 62, 75, 9, 35, 37, 48, 79, 87, 20, 72, 45, 38, 32, 85, 70, 42, 10, 54, 90, 56, 94, 41, 92, 1, 5, 29, 46, 76, 17, 53, 22, 80, 71, 24, 77, 58, 69, 49]"
37,3651.0,1474.0,"[66, 34, 67, 84, 83, 13, 74, 98, 31, 89, 2, 12, 68, 65, 96, 93, 25, 40, 78, 15, 19, 62, 75, 9, 35, 37, 48, 79, 87, 20, 72, 45, 38, 32, 85, 70, 42, 10, 54, 90, 56, 94, 41, 92, 1, 5, 29, 46, 76, 17, 53, 22, 80, 71, 24, 77, 58, 69, 49]"
38,3652.0,1477.0,"[66, 34, 67, 84, 83, 74, 98, 31, 89, 2, 12, 68, 65, 96, 93, 25, 40, 78, 15, 19, 62, 75, 9, 35, 37, 48, 79, 87, 20, 72, 45, 38, 32, 85, 70, 42, 10, 54, 90, 56, 94, 41, 92, 1, 5, 29, 46, 76, 17, 53, 22, 80, 71, 24, 77, 58, 69, 49, 11]"
39,3661.0,1493.0,"[66, 34, 67, 84, 83, 74, 98, 31, 89, 2, 12, 68, 65, 96, 93, 25, 40, 78, 15, 19, 62, 75, 9, 35, 37, 48, 79, 87, 20, 72, 38, 32, 85, 70, 42, 10, 54, 90, 56, 94, 41, 92, 1, 5, 29, 46, 76, 17, 53, 22, 80, 71, 24, 77, 58, 69, 49, 11, 4]"
40,3661.0,1493.0,"[66, 34, 67, 84, 83, 74, 98, 31, 89, 2, 12, 68, 65, 96, 93, 25, 40, 78, 15, 19, 62, 75, 9, 35, 37, 48, 79, 87, 20, 72, 38, 32, 85, 70, 42, 10, 54, 90, 56, 94, 41, 92, 1, 5, 29, 46, 76, 17, 53, 22, 80, 71, 24, 77, 58, 69, 49, 11, 4]"
41,3661.0,1493.0,"[66, 34, 67, 84, 83, 74, 98, 31, 89, 2, 12, 68, 65, 96, 93, 25, 40, 78, 15, 19, 62, 75, 9, 35, 37, 48, 79, 87, 20, 72, 38, 32, 85, 70, 42, 10, 54, 90, 56, 94, 41, 92, 1, 5, 29, 46, 76, 17, 53, 22, 80, 71, 24, 77, 58, 69, 49, 11, 4]"
42,3661.0,1493.0,"[66, 34, 67, 84, 83, 74, 98, 31, 89, 2, 12, 68, 65, 96, 93, 25, 40, 78, 15, 19, 62, 75, 9, 35, 37, 48, 79, 87, 20, 72, 38, 32, 85, 70, 42, 10, 54, 90, 56, 94, 41, 92, 1, 5, 29, 46, 76, 17, 53, 22, 80, 71, 24, 77, 58, 69, 49, 11, 4]"
43,3660.0,1469.0,"[66, 34, 67, 84, 83, 74, 98, 31, 89, 2, 12, 68, 65, 96, 93, 25, 40, 78, 15, 19, 62, 75, 9, 35, 37, 48, 79, 87, 20, 72, 38, 32, 70, 42, 10, 54, 90, 56, 94, 41, 92, 1, 5, 29, 46, 76, 17, 53, 22, 80, 71, 24, 77, 58, 69, 49, 11, 4, 82]"
44,3660.0,1469.0,"[66, 34, 67, 84, 83, 74, 98, 31, 89, 2, 12, 68, 65, 96, 93, 25, 40, 78, 15, 19, 62, 75, 9, 35, 37, 48, 79, 87, 20, 72, 38, 32, 70, 42, 10, 54, 90, 56, 94, 41, 92, 1, 5, 29, 46, 76, 17, 53, 22, 80, 71, 24, 77, 58, 69, 49, 11, 4, 82]"
45,3660.0,1469.0,"[66, 34, 67, 84, 83, 74, 98, 31, 89, 2, 12, 68, 65, 96, 93, 25, 40, 78, 15, 19, 62, 75, 9, 35, 37, 48, 79, 87, 20, 72, 38, 32, 70, 42, 10, 54, 90, 56, 94, 41, 92, 1, 5, 29, 46, 76, 17, 53, 22, 80, 71, 24, 77, 58, 69, 49, 11, 4, 82]"
46,3660.0,1469.0,"[66, 34, 67, 84, 83, 74, 98, 31, 89, 2, 12, 68, 65, 96, 93, 25, 40, 78, 15, 19, 62, 75, 9, 35, 37, 48, 79, 87, 20, 72, 38, 32, 70, 42, 10, 54, 90, 56, 94, 41, 92, 1, 5, 29, 46, 76, 17, 53, 22, 80, 71, 24, 77, 58, 69, 49, 11, 4, 82]"
47,3660.0,1469.0,"[66, 34, 67, 84, 83, 74, 98, 31, 89, 2, 12, 68, 65, 96, 93, 25, 40, 78, 15, 19, 62, 75, 9, 35, 37, 48, 79, 87, 20, 72, 38, 32, 70, 42, 10, 54, 90, 56, 94, 41, 92, 1, 5, 29, 46, 76, 17, 53, 22, 80, 71, 24, 77, 58, 69, 49, 11, 4, 82]"
48,3660.0,1469.0,"[66, 34, 67, 84, 83, 74, 98, 31, 89, 2, 12, 68, 65, 96, 93, 25, 40, 78, 15, 19, 62, 75, 9, 35, 37, 48, 79, 87, 20, 72, 38, 32, 70, 42, 10, 54, 90, 56, 94, 41, 92, 1, 5, 29, 46, 76, 17, 53, 22, 80, 71, 24, 77, 58, 69, 49, 11, 4, 82]"
49,3708.0,1457.0,"[66, 34, 67, 84, 83, 74, 98, 31, 89, 2, 12, 68, 65, 96, 93, 25, 40, 78, 15, 19, 62, 75, 9, 35, 37, 48, 79, 87, 20, 72, 38, 32, 70, 42, 10, 54, 90, 56, 94, 41, 92, 1, 5, 29, 46, 76, 17, 53, 22, 80, 71, 24, 77, 58, 49, 11, 4, 82, 23]"
50,3708.0,1457.0,"[66, 34, 67, 84, 83, 74, 98, 31, 89, 2, 12, 68, 65, 96, 93, 25, 40, 78, 15, 19, 62, 75, 9, 35, 37, 48, 79, 87, 20, 72, 38, 32, 70, 42, 10, 54, 90, 56, 94, 41, 92, 1, 5, 29, 46, 76, 17, 53, 22, 80, 71, 24, 77, 58, 49, 11, 4, 82, 23]"
51,3708.0,1457.0,"[66, 34, 67, 84, 83, 74, 98, 31, 89, 2, 12, 68, 65, 96, 93, 25, 40, 78, 15, 19, 62, 75, 9, 35, 37, 48, 79, 87, 20, 72, 38, 32, 70, 42, 10, 54, 90, 56, 94, 41, 92, 1, 5, 29, 46, 76, 17, 53, 22, 80, 71, 24, 77, 58, 49, 11, 4, 82, 23]"
52,3708.0,1457.0,"[66, 34, 67, 84, 83, 74, 98, 31, 89, 2, 12, 68, 65, 96, 93, 25, 40, 78, 15, 19, 62, 75, 9, 35, 37, 48, 79, 87, 20, 72, 38, 32, 70, 42, 10, 54, 90, 56, 94, 41, 92, 1, 5, 29, 46, 76, 17, 53, 22, 80, 71, 24, 77, 58, 49, 11, 4, 82, 23]"
53,3708.0,1457.0,"[66, 34, 67, 84, 83, 74, 98, 31, 89, 2, 12, 68, 65, 96, 93, 25, 40, 78, 15, 19, 62, 75, 9, 35, 37, 48, 79, 87, 20, 72, 38, 32, 70, 42, 10, 54, 90, 56, 94, 41, 92, 1, 5, 29, 46, 76, 17, 53, 22, 80, 71, 24, 77, 58, 49, 11, 4, 82, 23]"
54,3698.0,1470.0,"[66, 34, 67, 84, 83, 74, 98, 31, 89, 2, 12, 68, 65, 96, 93, 25, 40, 78, 15, 19, 62, 75, 9, 35, 37, 48, 79, 87, 20, 72, 38, 32, 70, 42, 10, 54, 56, 94, 41, 92, 1, 5, 29, 46, 76, 17, 53, 22, 80, 71, 24, 77, 58, 49, 11, 4, 82, 23, 73]"
55,3698.0,1470.0,"[66, 34, 67, 84, 83, 74, 98, 31, 89, 2, 12, 68, 65, 96, 93, 25, 40, 78, 15, 19, 62, 75, 9, 35, 37, 48, 79, 87, 20, 72, 38, 32, 70, 42, 10, 54, 56, 94, 41, 92, 1, 5, 29, 46, 76, 17, 53, 22, 80, 71, 24, 77, 58, 49, 11, 4, 82, 23, 73]"
56,3698.0,1470.0,"[66, 34, 67, 84, 83, 74, 98, 31, 89, 2, 12, 68, 65, 96, 93, 25, 40, 78, 15, 19, 62, 75, 9, 35, 37, 48, 79, 87, 20, 72, 38, 32, 70, 42, 10, 54, 56, 94, 41, 92, 1, 5, 29, 46, 76, 17, 53, 22, 80, 71, 24, 77, 58, 49, 11, 4, 82, 23, 73]"
57,3715.0,1443.0,"[66, 34, 67, 84, 83, 74, 98, 31, 89, 2, 12, 68, 65, 96, 93, 25, 40, 78, 15, 19, 62, 75, 9, 35, 37, 48, 79, 87, 20, 72, 38, 32, 70, 42, 10, 54, 56, 94, 41, 92, 1, 5, 29, 46, 76, 17, 53, 22, 80, 71, 24, 77, 58, 11, 4, 82, 23, 73, 28]"
58,3715.0,1443.0,"[66, 34, 67, 84, 83, 74, 98, 31, 89, 2, 12, 68, 65, 96, 93, 25, 40, 78, 15, 19, 62, 75, 9, 35, 37, 48, 79, 87, 20, 72, 38, 32, 70, 42, 10, 54, 56, 94, 41, 92, 1, 5, 29, 46, 76, 17, 53, 22, 80, 71, 24, 77, 58, 11, 4, 82, 23, 73, 28]"
59,3715.0,1443.0,"[66, 34, 67, 84, 83, 74, 98, 31, 89, 2, 12, 68, 65, 96, 93, 25, 40, 78, 15, 19, 62, 75, 9, 35, 37, 48, 79, 87, 20, 72, 38, 32, 70, 42, 10, 54, 56, 94, 41, 92, 1, 5, 29, 46, 76, 17, 53, 22, 80, 71, 24, 77, 58, 11, 4, 82, 23, 73, 28]"
60,3715.0,1443.0,"[66, 34, 67, 84, 83, 74, 98, 31, 89, 2, 12, 68, 65, 96, 93, 25, 40, 78, 15, 19, 62, 75, 9, 35, 37, 48, 79, 87, 20, 72, 38, 32, 70, 42, 10, 54, 56, 94, 41, 92, 1, 5, 29, 46, 76, 17, 53, 22, 80, 71, 24, 77, 58, 11, 4, 82, 23, 73, 28]"
61,3715.0,1443.0,"[66, 34, 67, 84, 83, 74, 98, 31, 89, 2, 12, 68, 65, 96, 93, 25, 40, 78, 15, 19, 62, 75, 9, 35, 37, 48, 79, 87, 20, 72, 38, 32, 70, 42, 10, 54, 56, 94, 41, 92, 1, 5, 29, 46, 76, 17, 53, 22, 80, 71, 24, 77, 58, 11, 4, 82, 23, 73, 28]"
62,3753.0,1469.0,"[66, 34, 67, 84, 83, 74, 98, 31, 89, 2, 12, 68, 65, 96, 93, 25, 40, 78, 15, 19, 62, 75, 9, 35, 37, 48, 79, 87, 20, 72, 38, 32, 70, 42, 10, 54, 56, 41, 92, 1, 5, 29, 46, 76, 17, 53, 22, 80, 71, 24, 77, 58, 11, 4, 82, 23, 73, 28, 51]"
63,3753.0,1469.0,"[66, 34, 67, 84, 83, 74, 98, 31, 89, 2, 12, 68, 65, 96, 93, 25, 40, 78, 15, 19, 62, 75, 9, 35, 37, 48, 79, 87, 20, 72, 38, 32, 70, 42, 10, 54, 56, 41, 92, 1, 5, 29, 46, 76, 17, 53, 22, 80, 71, 24, 77, 58, 11, 4, 82, 23, 73, 28, 51]"
64,3753.0,1469.0,"[66, 34, 67, 84, 83, 74, 98, 31, 89, 2, 12, 68, 65, 96, 93, 25, 40, 78, 15, 19, 62, 75, 9, 35, 37, 48, 79, 87, 20, 72, 38, 32, 70, 42, 10, 54, 56, 41, 92, 1, 5, 29, 46, 76, 17, 53, 22, 80, 71, 24, 77, 58, 11, 4, 82, 23, 73, 28, 51]"
65,3779.0,1494.0,"[66, 34, 67, 84, 83, 74, 98, 31, 89, 2, 12, 68, 65, 96, 93, 25, 40, 78, 15, 19, 62, 75, 9, 35, 37, 48, 79, 87, 20, 72, 38, 32, 70, 42, 10, 54, 56, 41, 92, 1, 5, 29, 46, 76, 17, 53, 80, 71, 24, 77, 58, 11, 4, 82, 23, 73, 28, 51, 90]"
66,3779.0,1494.0,"[66, 34, 67, 84, 83, 74, 98, 31, 89, 2, 12, 68, 65, 96, 93, 25, 40, 78, 15, 19, 62, 75, 9, 35, 37, 48, 79, 87, 20, 72, 38, 32, 70, 42, 10, 54, 56, 41, 92, 1, 5, 29, 46, 76, 17, 53, 80, 71, 24, 77, 58, 11, 4, 82, 23, 73, 28, 51, 90]"
67,3779.0,1494.0,"[66, 34, 67, 84, 83, 74, 98, 31, 89, 2, 12, 68, 65, 96, 93, 25, 40, 78, 15, 19, 62, 75, 9, 35, 37, 48, 79, 87, 20, 72, 38, 32, 70, 42, 10, 54, 56, 41, 92, 1, 5, 29, 46, 76, 17, 53, 80, 71, 24, 77, 58, 11, 4, 82, 23, 73, 28, 51, 90]"
68,3779.0,1494.0,"[66, 34, 67, 84, 83, 74, 98, 31, 89, 2, 12, 68, 65, 96, 93, 25, 40, 78, 15, 19, 62, 75, 9, 35, 37, 48, 79, 87, 20, 72, 38, 32, 70, 42, 10, 54, 56, 41, 92, 1, 5, 29, 46, 76, 17, 53, 80, 71, 24, 77, 58, 11, 4, 82, 23, 73, 28, 51, 90]"
69,3779.0,1494.0,"[66, 34, 67, 84, 83, 74, 98, 31, 89, 2, 12, 68, 65, 96, 93, 25, 40, 78, 15, 19, 62, 75, 9, 35, 37, 48, 79, 87, 20, 72, 38, 32, 70, 42, 10, 54, 56, 41, 92, 1, 5, 29, 46, 76, 17, 53, 80, 71, 24, 77, 58, 11, 4, 82, 23, 73, 28, 51, 90]"
70,3779.0,1494.0,"[66, 34, 67, 84, 83, 74, 98, 31, 89, 2, 12, 68, 65, 96, 93, 25, 40, 78, 15, 19, 62, 75, 9, 35, 37, 48, 79, 87, 20, 72, 38, 32, 70, 42, 10, 54, 56, 41, 92, 1, 5, 29, 46, 76, 17, 53, 80, 71, 24, 77, 58, 11, 4, 82, 23, 73, 28, 51, 90]"
71,3779.0,1494.0,"[66, 34, 67, 84, 83, 74, 98, 31, 89, 2, 12, 68, 65, 96, 93, 25, 40, 78, 15, 19, 62, 75, 9, 35, 37, 48, 79, 87, 20, 72, 38, 32, 70, 42, 10, 54, 56, 41, 92, 1, 5, 29, 46, 76, 17, 53, 80, 71, 24, 77, 58, 11, 4, 82, 23, 73, 28, 51, 90]"
72,3779.0,1494.0,"[66, 34, 67, 84, 83, 74, 98, 31, 89, 2, 12, 68, 65, 96, 93, 25, 40, 78, 15, 19, 62, 75, 9, 35, 37, 48, 79, 87, 20, 72, 38, 32, 70, 42, 10, 54, 56, 41, 92, 1, 5, 29, 46, 76, 17, 53, 80, 71, 24, 77, 58, 11, 4, 82, 23, 73, 28, 51, 90]"
73,3779.0,1494.0,"[66, 34, 67, 84, 83, 74, 98, 31, 89, 2, 12, 68, 65, 96, 93, 25, 40, 78, 15, 19, 62, 75, 9, 35, 37, 48, 79, 87, 20, 72, 38, 32, 70, 42, 10, 54, 56, 41, 92, 1, 5, 29, 46, 76, 17, 53, 80, 71, 24, 77, 58, 11, 4, 82, 23, 73, 28, 51, 90]"
74,3779.0,1494.0,"[66, 34, 67, 84, 83, 74, 98, 31, 89, 2, 12, 68, 65, 96, 93, 25, 40, 78, 15, 19, 62, 75, 9, 35, 37, 48, 79, 87, 20, 72, 38, 32, 70, 42, 10, 54, 56, 41, 92, 1, 5, 29, 46, 76, 17, 53, 80, 71, 24, 77, 58, 11, 4, 82, 23, 73, 28, 51, 90]"
75,3779.0,1494.0,"[66, 34, 67, 84, 83, 74, 98, 31, 89, 2, 12, 68, 65, 96, 93, 25, 40, 78, 15, 19, 62, 75, 9, 35, 37, 48, 79, 87, 20, 72, 38, 32, 70, 42, 10, 54, 56, 41, 92, 1, 5, 29, 46, 76, 17, 53, 80, 71, 24, 77, 58, 11, 4, 82, 23, 73, 28, 51, 90]"
76,3779.0,1494.0,"[66, 34, 67, 84, 83, 74, 98, 31, 89, 2, 12, 68, 65, 96, 93, 25, 40, 78, 15, 19, 62, 75, 9, 35, 37, 48, 79, 87, 20, 72, 38, 32, 70, 42, 10, 54, 56, 41, 92, 1, 5, 29, 46, 76, 17, 53, 80, 71, 24, 77, 58, 11, 4, 82, 23, 73, 28, 51, 90]"
77,3779.0,1494.0,"[66, 34, 67, 84, 83, 74, 98, 31, 89, 2, 12, 68, 65, 96, 93, 25, 40, 78, 15, 19, 62, 75, 9, 35, 37, 48, 79, 87, 20, 72, 38, 32, 70, 42, 10, 54, 56, 41, 92, 1, 5, 29, 46, 76, 17, 53, 80, 71, 24, 77, 58, 11, 4, 82, 23, 73, 28, 51, 90]"
78,3779.0,1494.0,"[66, 34, 67, 84, 83, 74, 98, 31, 89, 2, 12, 68, 65, 96, 93, 25, 40, 78, 15, 19, 62, 75, 9, 35, 37, 48, 79, 87, 20, 72, 38, 32, 70, 42, 10, 54, 56, 41, 92, 1, 5, 29, 46, 76, 17, 53, 80, 71, 24, 77, 58, 11, 4, 82, 23, 73, 28, 51, 90]"
79,3779.0,1494.0,"[66, 34, 67, 84, 83, 74, 98, 31, 89, 2, 12, 68, 65, 96, 93, 25, 40, 78, 15, 19, 62, 75, 9, 35, 37, 48, 79, 87, 20, 72, 38, 32, 70, 42, 10, 54, 56, 41, 92, 1, 5, 29, 46, 76, 17, 53, 80, 71, 24, 77, 58, 11, 4, 82, 23, 73, 28, 51, 90]"
80,3779.0,1494.0,"[66, 34, 67, 84, 83, 74, 98, 31, 89, 2, 12, 68, 65, 96, 93, 25, 40, 78, 15, 19, 62, 75, 9, 35, 37, 48, 79, 87, 20, 72, 38, 32, 70, 42, 10, 54, 56, 41, 92, 1, 5, 29, 46, 76, 17, 53, 80, 71, 24, 77, 58, 11, 4, 82, 23, 73, 28, 51, 90]"
81,3779.0,1494.0,"[66, 34, 67, 84, 83, 74, 98, 31, 89, 2, 12, 68, 65, 96, 93, 25, 40, 78, 15, 19, 62, 75, 9, 35, 37, 48, 79, 87, 20, 72, 38, 32, 70, 42, 10, 54, 56, 41, 92, 1, 5, 29, 46, 76, 17, 53, 80, 71, 24, 77, 58, 11, 4, 82, 23, 73, 28, 51, 90]"
82,3779.0,1494.0,"[66, 34, 67, 84, 83, 74, 98, 31, 89, 2, 12, 68, 65, 96, 93, 25, 40, 78, 15, 19, 62, 75, 9, 35, 37, 48, 79, 87, 20, 72, 38, 32, 70, 42, 10, 54, 56, 41, 92, 1, 5, 29, 46, 76, 17, 53, 80, 71, 24, 77, 58, 11, 4, 82, 23, 73, 28, 51, 90]"
83,3779.0,1494.0,"[66, 34, 67, 84, 83, 74, 98, 31, 89, 2, 12, 68, 65, 96, 93, 25, 40, 78, 15, 19, 62, 75, 9, 35, 37, 48, 79, 87, 20, 72, 38, 32, 70, 42, 10, 54, 56, 41, 92, 1, 5, 29, 46, 76, 17, 53, 80, 71, 24, 77, 58, 11, 4, 82, 23, 73, 28, 51, 90]"
84,3779.0,1494.0,"[66, 34, 67, 84, 83, 74, 98, 31, 89, 2, 12, 68, 65, 96, 93, 25, 40, 78, 15, 19, 62, 75, 9, 35, 37, 48, 79, 87, 20, 72, 38, 32, 70, 42, 10, 54, 56, 41, 92, 1, 5, 29, 46, 76, 17, 53, 80, 71, 24, 77, 58, 11, 4, 82, 23, 73, 28, 51, 90]"
85,3779.0,1494.0,"[66, 34, 67, 84, 83, 74, 98, 31, 89, 2, 12, 68, 65, 96, 93, 25, 40, 78, 15, 19, 62, 75, 9, 35, 37, 48, 79, 87, 20, 72, 38, 32, 70, 42, 10, 54, 56, 41, 92, 1, 5, 29, 46, 76, 17, 53, 80, 71, 24, 77, 58, 11, 4, 82, 23, 73, 28, 51, 90]"
86,3779.0,1494.0,"[66, 34, 67, 84, 83, 74, 98, 31, 89, 2, 12, 68, 65, 96, 93, 25, 40, 78, 15, 19, 62, 75, 9, 35, 37, 48, 79, 87, 20, 72, 38, 32, 70, 42, 10, 54, 56, 41, 92, 1, 5, 29, 46, 76, 17, 53, 80, 71, 24, 77, 58, 11, 4, 82, 23, 73, 28, 51, 90]"
87,3828.0,1490.0,"[66, 34, 67, 84, 83, 74, 98, 31, 89, 2, 12, 68, 96, 93, 25, 40, 78, 15, 19, 62, 75, 9, 35, 37, 48, 79, 87, 20, 72, 38, 32, 70, 42, 10, 54, 56, 41, 92, 1, 5, 29, 46, 76, 17, 53, 80, 71, 24, 77, 58, 11, 4, 82, 23, 73, 28, 51, 90, 85]"
88,3828.0,1490.0,"[66, 34, 67, 84, 83, 74, 98, 31, 89, 2, 12, 68, 96, 93, 25, 40, 78, 15, 19, 62, 75, 9, 35, 37, 48, 79, 87, 20, 72, 38, 32, 70, 42, 10, 54, 56, 41, 92, 1, 5, 29, 46, 76, 17, 53, 80, 71, 24, 77, 58, 11, 4, 82, 23, 73, 28, 51, 90, 85]"
89,3828.0,1490.0,"[66, 34, 67, 84, 83, 74, 98, 31, 89, 2, 12, 68, 96, 93, 25, 40, 78, 15, 19, 62, 75, 9, 35, 37, 48, 79, 87, 20, 72, 38, 32, 70, 42, 10, 54, 56, 41, 92, 1, 5, 29, 46, 76, 17, 53, 80, 71, 24, 77, 58, 11, 4, 82, 23, 73, 28, 51, 90, 85]"
90,3828.0,1490.0,"[66, 34, 67, 84, 83, 74, 98, 31, 89, 2, 12, 68, 96, 93, 25, 40, 78, 15, 19, 62, 75, 9, 35, 37, 48, 79, 87, 20, 72, 38, 32, 70, 42, 10, 54, 56, 41, 92, 1, 5, 29, 46, 76, 17, 53, 80, 71, 24, 77, 58, 11, 4, 82, 23, 73, 28, 51, 90, 85]"
91,3847.0,1484.0,"[66, 34, 67, 84, 83, 74, 98, 31, 89, 2, 12, 68, 96, 93, 25, 40, 78, 15, 19, 62, 75, 9, 35, 37, 48, 79, 87, 20, 72, 38, 32, 70, 42, 10, 54, 56, 41, 92, 1, 5, 29, 46, 76, 17, 53, 80, 71, 24, 77, 58, 11, 4, 82, 23, 73, 51, 90, 85, 94]"
92,3847.0,1484.0,"[66, 34, 67, 84, 83, 74, 98, 31, 89, 2, 12, 68, 96, 93, 25, 40, 78, 15, 19, 62, 75, 9, 35, 37, 48, 79, 87, 20, 72, 38, 32, 70, 42, 10, 54, 56, 41, 92, 1, 5, 29, 46, 76, 17, 53, 80, 71, 24, 77, 58, 11, 4, 82, 23, 73, 51, 90, 85, 94]"
93,3847.0,1484.0,"[66, 34, 67, 84, 83, 74, 98, 31, 89, 2, 12, 68, 96, 93, 25, 40, 78, 15, 19, 62, 75, 9, 35, 37, 48, 79, 87, 20, 72, 38, 32, 70, 42, 10, 54, 56, 41, 92, 1, 5, 29, 46, 76, 17, 53, 80, 71, 24, 77, 58, 11, 4, 82, 23, 73, 51, 90, 85, 94]"
94,3847.0,1484.0,"[66, 34, 67, 84, 83, 74, 98, 31, 89, 2, 12, 68, 96, 93, 25, 40, 78, 15, 19, 62, 75, 9, 35, 37, 48, 79, 87, 20, 72, 38, 32, 70, 42, 10, 54, 56, 41, 92, 1, 5, 29, 46, 76, 17, 53, 80, 71, 24, 77, 58, 11, 4, 82, 23, 73, 51, 90, 85, 94]"
95,3847.0,1484.0,"[66, 34, 67, 84, 83, 74, 98, 31, 89, 2, 12, 68, 96, 93, 25, 40, 78, 15, 19, 62, 75, 9, 35, 37, 48, 79, 87, 20, 72, 38, 32, 70, 42, 10, 54, 56, 41, 92, 1, 5, 29, 46, 76, 17, 53, 80, 71, 24, 77, 58, 11, 4, 82, 23, 73, 51, 90, 85, 94]"
96,3847.0,1484.0,"[66, 34, 67, 84, 83, 74, 98, 31, 89, 2, 12, 68, 96, 93, 25, 40, 78, 15, 19, 62, 75, 9, 35, 37, 48, 79, 87, 20, 72, 38, 32, 70, 42, 10, 54, 56, 41, 92, 1, 5, 29, 46, 76, 17, 53, 80, 71, 24, 77, 58, 11, 4, 82, 23, 73, 51, 90, 85, 94]"
97,3847.0,1484.0,"[66, 34, 67, 84, 83, 74, 98, 31, 89, 2, 12, 68, 96, 93, 25, 40, 78, 15, 19, 62, 75, 9, 35, 37, 48, 79, 87, 20, 72, 38, 32, 70, 42, 10, 54, 56, 41, 92, 1, 5, 29, 46, 76, 17, 53, 80, 71, 24, 77, 58, 11, 4, 82, 23, 73, 51, 90, 85, 94]"
98,3847.0,1484.0,"[66, 34, 67, 84, 83, 74, 98, 31, 89, 2, 12, 68, 96, 93, 25, 40, 78, 15, 19, 62, 75, 9, 35, 37, 48, 79, 87, 20, 72, 38, 32, 70, 42, 10, 54, 56, 41, 92, 1, 5, 29, 46, 76, 17, 53, 80, 71, 24, 77, 58, 11, 4, 82, 23, 73, 51, 90, 85, 94]"
99,3851.0,1471.0,"[66, 34, 67, 84, 83, 74, 98, 31, 89, 2, 12, 68, 96, 93, 25, 40, 78, 15, 19, 75, 9, 35, 37, 48, 79, 87, 20, 72, 38, 32, 70, 42, 10, 54, 56, 41, 92, 1, 5, 29, 46, 76, 17, 53, 80, 71, 24, 77, 58, 11, 4, 82, 23, 73, 51, 90, 85, 94, 52]"
100,3851.0,1471.0,"[66, 34, 67, 84, 83, 74, 98, 31, 89, 2, 12, 68, 96, 93, 25, 40, 78, 15, 19, 75, 9, 35, 37, 48, 79, 87, 20, 72, 38, 32, 70, 42, 10, 54, 56, 41, 92, 1, 5, 29, 46, 76, 17, 53, 80, 71, 24, 77, 58, 11, 4, 82, 23, 73, 51, 90, 85, 94, 52]"
101,3869.0,1475.0,"[66, 34, 67, 84, 83, 74, 98, 31, 89, 2, 12, 68, 96, 93, 25, 40, 78, 15, 19, 75, 9, 35, 37, 48, 79, 87, 20, 72, 38, 32, 70, 42, 10, 54, 56, 41, 92, 1, 5, 29, 46, 76, 17, 53, 80, 71, 77, 58, 11, 4, 82, 23, 73, 51, 90, 85, 94, 52, 63]"
102,3869.0,1475.0,"[66, 34, 67, 84, 83, 74, 98, 31, 89, 2, 12, 68, 96, 93, 25, 40, 78, 15, 19, 75, 9, 35, 37, 48, 79, 87, 20, 72, 38, 32, 70, 42, 10, 54, 56, 41, 92, 1, 5, 29, 46, 76, 17, 53, 80, 71, 77, 58, 11, 4, 82, 23, 73, 51, 90, 85, 94, 52, 63]"
103,3869.0,1475.0,"[66, 34, 67, 84, 83, 74, 98, 31, 89, 2, 12, 68, 96, 93, 25, 40, 78, 15, 19, 75, 9, 35, 37, 48, 79, 87, 20, 72, 38, 32, 70, 42, 10, 54, 56, 41, 92, 1, 5, 29, 46, 76, 17, 53, 80, 71, 77, 58, 11, 4, 82, 23, 73, 51, 90, 85, 94, 52, 63]"
104,3905.0,1496.0,"[66, 34, 67, 84, 83, 74, 98, 31, 89, 2, 12, 68, 96, 93, 25, 40, 78, 15, 19, 75, 9, 35, 37, 48, 79, 87, 20, 72, 38, 70, 42, 10, 54, 56, 41, 92, 1, 5, 29, 46, 76, 17, 53, 80, 71, 77, 58, 11, 4, 82, 23, 73, 51, 90, 85, 94, 52, 63, 44]"
105,3905.0,1496.0,"[66, 34, 67, 84, 83, 74, 98, 31, 89, 2, 12, 68, 96, 93, 25, 40, 78, 15, 19, 75, 9, 35, 37, 48, 79, 87, 20, 72, 38, 70, 42, 10, 54, 56, 41, 92, 1, 5, 29, 46, 76, 17, 53, 80, 71, 77, 58, 11, 4, 82, 23, 73, 51, 90, 85, 94, 52, 63, 44]"
106,3905.0,1496.0,"[66, 34, 67, 84, 83, 74, 98, 31, 89, 2, 12, 68, 96, 93, 25, 40, 78, 15, 19, 75, 9, 35, 37, 48, 79, 87, 20, 72, 38, 70, 42, 10, 54, 56, 41, 92, 1, 5, 29, 46, 76, 17, 53, 80, 71, 77, 58, 11, 4, 82, 23, 73, 51, 90, 85, 94, 52, 63, 44]"
107,3905.0,1496.0,"[66, 34, 67, 84, 83, 74, 98, 31, 89, 2, 12, 68, 96, 93, 25, 40, 78, 15, 19, 75, 9, 35, 37, 48, 79, 87, 20, 72, 38, 70, 42, 10, 54, 56, 41, 92, 1, 5, 29, 46, 76, 17, 53, 80, 71, 77, 58, 11, 4, 82, 23, 73, 51, 90, 85, 94, 52, 63, 44]"
108,3905.0,1496.0,"[66, 34, 67, 84, 83, 74, 98, 31, 89, 2, 12, 68, 96, 93, 25, 40, 78, 15, 19, 75, 9, 35, 37, 48, 79, 87, 20, 72, 38, 70, 42, 10, 54, 56, 41, 92, 1, 5, 29, 46, 76, 17, 53, 80, 71, 77, 58, 11, 4, 82, 23, 73, 51, 90, 85, 94, 52, 63, 44]"
109,3905.0,1496.0,"[66, 34, 67, 84, 83, 74, 98, 31, 89, 2, 12, 68, 96, 93, 25, 40, 78, 15, 19, 75, 9, 35, 37, 48, 79, 87, 20, 72, 38, 70, 42, 10, 54, 56, 41, 92, 1, 5, 29, 46, 76, 17, 53, 80, 71, 77, 58, 11, 4, 82, 23, 73, 51, 90, 85, 94, 52, 63, 44]"
110,3905.0,1496.0,"[66, 34, 67, 84, 83, 74, 98, 31, 89, 2, 12, 68, 96, 93, 25, 40, 78, 15, 19, 75, 9, 35, 37, 48, 79, 87, 20, 72, 38, 70, 42, 10, 54, 56, 41, 92, 1, 5, 29, 46, 76, 17, 53, 80, 71, 77, 58, 11, 4, 82, 23, 73, 51, 90, 85, 94, 52, 63, 44]"
111,3905.0,1496.0,"[66, 34, 67, 84, 83, 74, 98, 31, 89, 2, 12, 68, 96, 93, 25, 40, 78, 15, 19, 75, 9, 35, 37, 48, 79, 87, 20, 72, 38, 70, 42, 10, 54, 56, 41, 92, 1, 5, 29, 46, 76, 17, 53, 80, 71, 77, 58, 11, 4, 82, 23, 73, 51, 90, 85, 94, 52, 63, 44]"
112,3905.0,1496.0,"[66, 34, 67, 84, 83, 74, 98, 31, 89, 2, 12, 68, 96, 93, 25, 40, 78, 15, 19, 75, 9, 35, 37, 48, 79, 87, 20, 72, 38, 70, 42, 10, 54, 56, 41, 92, 1, 5, 29, 46, 76, 17, 53, 80, 71, 77, 58, 11, 4, 82, 23, 73, 51, 90, 85, 94, 52, 63, 44]"
113,3905.0,1496.0,"[66, 34, 67, 84, 83, 74, 98, 31, 89, 2, 12, 68, 96, 93, 25, 40, 78, 15, 19, 75, 9, 35, 37, 48, 79, 87, 20, 72, 38, 70, 42, 10, 54, 56, 41, 92, 1, 5, 29, 46, 76, 17, 53, 80, 71, 77, 58, 11, 4, 82, 23, 73, 51, 90, 85, 94, 52, 63, 44]"
114,3905.0,1496.0,"[66, 34, 67, 84, 83, 74, 98, 31, 89, 2, 12, 68, 96, 93, 25, 40, 78, 15, 19, 75, 9, 35, 37, 48, 79, 87, 20, 72, 38, 70, 42, 10, 54, 56, 41, 92, 1, 5, 29, 46, 76, 17, 53, 80, 71, 77, 58, 11, 4, 82, 23, 73, 51, 90, 85, 94, 52, 63, 44]"
115,3905.0,1496.0,"[66, 34, 67, 84, 83, 74, 98, 31, 89, 2, 12, 68, 96, 93, 25, 40, 78, 15, 19, 75, 9, 35, 37, 48, 79, 87, 20, 72, 38, 70, 42, 10, 54, 56, 41, 92, 1, 5, 29, 46, 76, 17, 53, 80, 71, 77, 58, 11, 4, 82, 23, 73, 51, 90, 85, 94, 52, 63, 44]"
116,3905.0,1496.0,"[66, 34, 67, 84, 83, 74, 98, 31, 89, 2, 12, 68, 96, 93, 25, 40, 78, 15, 19, 75, 9, 35, 37, 48, 79, 87, 20, 72, 38, 70, 42, 10, 54, 56, 41, 92, 1, 5, 29, 46, 76, 17, 53, 80, 71, 77, 58, 11, 4, 82, 23, 73, 51, 90, 85, 94, 52, 63, 44]"
117,3905.0,1496.0,"[66, 34, 67, 84, 83, 74, 98, 31, 89, 2, 12, 68, 96, 93, 25, 40, 78, 15, 19, 75, 9, 35, 37, 48, 79, 87, 20, 72, 38, 70, 42, 10, 54, 56, 41, 92, 1, 5, 29, 46, 76, 17, 53, 80, 71, 77, 58, 11, 4, 82, 23, 73, 51, 90, 85, 94, 52, 63, 44]"
118,3905.0,1496.0,"[66, 34, 67, 84, 83, 74, 98, 31, 89, 2, 12, 68, 96, 93, 25, 40, 78, 15, 19, 75, 9, 35, 37, 48, 79, 87, 20, 72, 38, 70, 42, 10, 54, 56, 41, 92, 1, 5, 29, 46, 76, 17, 53, 80, 71, 77, 58, 11, 4, 82, 23, 73, 51, 90, 85, 94, 52, 63, 44]"
119,3905.0,1496.0,"[66, 34, 67, 84, 83, 74, 98, 31, 89, 2, 12, 68, 96, 93, 25, 40, 78, 15, 19, 75, 9, 35, 37, 48, 79, 87, 20, 72, 38, 70, 42, 10, 54, 56, 41, 92, 1, 5, 29, 46, 76, 17, 53, 80, 71, 77, 58, 11, 4, 82, 23, 73, 51, 90, 85, 94, 52, 63, 44]"
120,3905.0,1496.0,"[66, 34, 67, 84, 83, 74, 98, 31, 89, 2, 12, 68, 96, 93, 25, 40, 78, 15, 19, 75, 9, 35, 37, 48, 79, 87, 20, 72, 38, 70, 42, 10, 54, 56, 41, 92, 1, 5, 29, 46, 76, 17, 53, 80, 71, 77, 58, 11, 4, 82, 23, 73, 51, 90, 85, 94, 52, 63, 44]"
121,3905.0,1496.0,"[66, 34, 67, 84, 83, 74, 98, 31, 89, 2, 12, 68, 96, 93, 25, 40, 78, 15, 19, 75, 9, 35, 37, 48, 79, 87, 20, 72, 38, 70, 42, 10, 54, 56, 41, 92, 1, 5, 29, 46, 76, 17, 53, 80, 71, 77, 58, 11, 4, 82, 23, 73, 51, 90, 85, 94, 52, 63, 44]"
122,3905.0,1496.0,"[66, 34, 67, 84, 83, 74, 98, 31, 89, 2, 12, 68, 96, 93, 25, 40, 78, 15, 19, 75, 9, 35, 37, 48, 79, 87, 20, 72, 38, 70, 42, 10, 54, 56, 41, 92, 1, 5, 29, 46, 76, 17, 53, 80, 71, 77, 58, 11, 4, 82, 23, 73, 51, 90, 85, 94, 52, 63, 44]"
123,3905.0,1496.0,"[66, 34, 67, 84, 83, 74, 98, 31, 89, 2, 12, 68, 96, 93, 25, 40, 78, 15, 19, 75, 9, 35, 37, 48, 79, 87, 20, 72, 38, 70, 42, 10, 54, 56, 41, 92, 1, 5, 29, 46, 76, 17, 53, 80, 71, 77, 58, 11, 4, 82, 23, 73, 51, 90, 85, 94, 52, 63, 44]"
124,3905.0,1496.0,"[66, 34, 67, 84, 83, 74, 98, 31, 89, 2, 12, 68, 96, 93, 25, 40, 78, 15, 19, 75, 9, 35, 37, 48, 79, 87, 20, 72, 38, 70, 42, 10, 54, 56, 41, 92, 1, 5, 29, 46, 76, 17, 53, 80, 71, 77, 58, 11, 4, 82, 23, 73, 51, 90, 85, 94, 52, 63, 44]"
125,3905.0,1496.0,"[66, 34, 67, 84, 83, 74, 98, 31, 89, 2, 12, 68, 96, 93, 25, 40, 78, 15, 19, 75, 9, 35, 37, 48, 79, 87, 20, 72, 38, 70, 42, 10, 54, 56, 41, 92, 1, 5, 29, 46, 76, 17, 53, 80, 71, 77, 58, 11, 4, 82, 23, 73, 51, 90, 85, 94, 52, 63, 44]"
126,3905.0,1496.0,"[66, 34, 67, 84, 83, 74, 98, 31, 89, 2, 12, 68, 96, 93, 25, 40, 78, 15, 19, 75, 9, 35, 37, 48, 79, 87, 20, 72, 38, 70, 42, 10, 54, 56, 41, 92, 1, 5, 29, 46, 76, 17, 53, 80, 71, 77, 58, 11, 4, 82, 23, 73, 51, 90, 85, 94, 52, 63, 44]"
127,3905.0,1496.0,"[66, 34, 67, 84, 83, 74, 98, 31, 89, 2, 12, 68, 96, 93, 25, 40, 78, 15, 19, 75, 9, 35, 37, 48, 79, 87, 20, 72, 38, 70, 42, 10, 54, 56, 41, 92, 1, 5, 29, 46, 76, 17, 53, 80, 71, 77, 58, 11, 4, 82, 23, 73, 51, 90, 85, 94, 52, 63, 44]"
128,3905.0,1496.0,"[66, 34, 67, 84, 83, 74, 98, 31, 89, 2, 12, 68, 96, 93, 25, 40, 78, 15, 19, 75, 9, 35, 37, 48, 79, 87, 20, 72, 38, 70, 42, 10, 54, 56, 41, 92, 1, 5, 29, 46, 76, 17, 53, 80, 71, 77, 58, 11, 4, 82, 23, 73, 51, 90, 85, 94, 52, 63, 44]"
129,3905.0,1496.0,"[66, 34, 67, 84, 83, 74, 98, 31, 89, 2, 12, 68, 96, 93, 25, 40, 78, 15, 19, 75, 9, 35, 37, 48, 79, 87, 20, 72, 38, 70, 42, 10, 54, 56, 41, 92, 1, 5, 29, 46, 76, 17, 53, 80, 71, 77, 58, 11, 4, 82, 23, 73, 51, 90, 85, 94, 52, 63, 44]"
130,3905.0,1496.0,"[66, 34, 67, 84, 83, 74, 98, 31, 89, 2, 12, 68, 96, 93, 25, 40, 78, 15, 19, 75, 9, 35, 37, 48, 79, 87, 20, 72, 38, 70, 42, 10, 54, 56, 41, 92, 1, 5, 29, 46, 76, 17, 53, 80, 71, 77, 58, 11, 4, 82, 23, 73, 51, 90, 85, 94, 52, 63, 44]"
131,3905.0,1496.0,"[66, 34, 67, 84, 83, 74, 98, 31, 89, 2, 12, 68, 96, 93, 25, 40, 78, 15, 19, 75, 9, 35, 37, 48, 79, 87, 20, 72, 38, 70, 42, 10, 54, 56, 41, 92, 1, 5, 29, 46, 76, 17, 53, 80, 71, 77, 58, 11, 4, 82, 23, 73, 51, 90, 85, 94, 52, 63, 44]"
132,3905.0,1496.0,"[66, 34, 67, 84, 83, 74, 98, 31, 89, 2, 12, 68, 96, 93, 25, 40, 78, 15, 19, 75, 9, 35, 37, 48, 79, 87, 20, 72, 38, 70, 42, 10, 54, 56, 41, 92, 1, 5, 29, 46, 76, 17, 53, 80, 71, 77, 58, 11, 4, 82, 23, 73, 51, 90, 85, 94, 52, 63, 44]"
133,3905.0,1496.0,"[66, 34, 67, 84, 83, 74, 98, 31, 89, 2, 12, 68, 96, 93, 25, 40, 78, 15, 19, 75, 9, 35, 37, 48, 79, 87, 20, 72, 38, 70, 42, 10, 54, 56, 41, 92, 1, 5, 29, 46, 76, 17, 53, 80, 71, 77, 58, 11, 4, 82, 23, 73, 51, 90, 85, 94, 52, 63, 44]"
134,3905.0,1496.0,"[66, 34, 67, 84, 83, 74, 98, 31, 89, 2, 12, 68, 96, 93, 25, 40, 78, 15, 19, 75, 9, 35, 37, 48, 79, 87, 20, 72, 38, 70, 42, 10, 54, 56, 41, 92, 1, 5, 29, 46, 76, 17, 53, 80, 71, 77, 58, 11, 4, 82, 23, 73, 51, 90, 85, 94, 52, 63, 44]"
135,3905.0,1496.0,"[66, 34, 67, 84, 83, 74, 98, 31, 89, 2, 12, 68, 96, 93, 25, 40, 78, 15, 19, 75, 9, 35, 37, 48, 79, 87, 20, 72, 38, 70, 42, 10, 54, 56, 41, 92, 1, 5, 29, 46, 76, 17, 53, 80, 71, 77, 58, 11, 4, 82, 23, 73, 51, 90, 85, 94, 52, 63, 44]"
136,3905.0,1496.0,"[66, 34, 67, 84, 83, 74, 98, 31, 89, 2, 12, 68, 96, 93, 25, 40, 78, 15, 19, 75, 9, 35, 37, 48, 79, 87, 20, 72, 38, 70, 42, 10, 54, 56, 41, 92, 1, 5, 29, 46, 76, 17, 53, 80, 71, 77, 58, 11, 4, 82, 23, 73, 51, 90, 85, 94, 52, 63, 44]"
137,3905.0,1496.0,"[66, 34, 67, 84, 83, 74, 98, 31, 89, 2, 12, 68, 96, 93, 25, 40, 78, 15, 19, 75, 9, 35, 37, 48, 79, 87, 20, 72, 38, 70, 42, 10, 54, 56, 41, 92, 1, 5, 29, 46, 76, 17, 53, 80, 71, 77, 58, 11, 4, 82, 23, 73, 51, 90, 85, 94, 52, 63, 44]"
138,3905.0,1496.0,"[66, 34, 67, 84, 83, 74, 98, 31, 89, 2, 12, 68, 96, 93, 25, 40, 78, 15, 19, 75, 9, 35, 37, 48, 79, 87, 20, 72, 38, 70, 42, 10, 54, 56, 41, 92, 1, 5, 29, 46, 76, 17, 53, 80, 71, 77, 58, 11, 4, 82, 23, 73, 51, 90, 85, 94, 52, 63, 44]"
139,3905.0,1496.0,"[66, 34, 67, 84, 83, 74, 98, 31, 89, 2, 12, 68, 96, 93, 25, 40, 78, 15, 19, 75, 9, 35, 37, 48, 79, 87, 20, 72, 38, 70, 42, 10, 54, 56, 41, 92, 1, 5, 29, 46, 76, 17, 53, 80, 71, 77, 58, 11, 4, 82, 23, 73, 51, 90, 85, 94, 52, 63, 44]"
140,3905.0,1496.0,"[66, 34, 67, 84, 83, 74, 98, 31, 89, 2, 12, 68, 96, 93, 25, 40, 78, 15, 19, 75, 9, 35, 37, 48, 79, 87, 20, 72, 38, 70, 42, 10, 54, 56, 41, 92, 1, 5, 29, 46, 76, 17, 53, 80, 71, 77, 58, 11, 4, 82, 23, 73, 51, 90, 85, 94, 52, 63, 44]"
141,3905.0,1496.0,"[66, 34, 67, 84, 83, 74, 98, 31, 89, 2, 12, 68, 96, 93, 25, 40, 78, 15, 19, 75, 9, 35, 37, 48, 79, 87, 20, 72, 38, 70, 42, 10, 54, 56, 41, 92, 1, 5, 29, 46, 76, 17, 53, 80, 71, 77, 58, 11, 4, 82, 23, 73, 51, 90, 85, 94, 52, 63, 44]"
142,3905.0,1496.0,"[66, 34, 67, 84, 83, 74, 98, 31, 89, 2, 12, 68, 96, 93, 25, 40, 78, 15, 19, 75, 9, 35, 37, 48, 79, 87, 20, 72, 38, 70, 42, 10, 54, 56, 41, 92, 1, 5, 29, 46, 76, 17, 53, 80, 71, 77, 58, 11, 4, 82, 23, 73, 51, 90, 85, 94, 52, 63, 44]"
143,3905.0,1496.0,"[66, 34, 67, 84, 83, 74, 98, 31, 89, 2, 12, 68, 96, 93, 25, 40, 78, 15, 19, 75, 9, 35, 37, 48, 79, 87, 20, 72, 38, 70, 42, 10, 54, 56, 41, 92, 1, 5, 29, 46, 76, 17, 53, 80, 71, 77, 58, 11, 4, 82, 23, 73, 51, 90, 85, 94, 52, 63, 44]"
144,3905.0,1496.0,"[66, 34, 67, 84, 83, 74, 98, 31, 89, 2, 12, 68, 96, 93, 25, 40, 78, 15, 19, 75, 9, 35, 37, 48, 79, 87, 20, 72, 38, 70, 42, 10, 54, 56, 41, 92, 1, 5, 29, 46, 76, 17, 53, 80, 71, 77, 58, 11, 4, 82, 23, 73, 51, 90, 85, 94, 52, 63, 44]"
145,3905.0,1496.0,"[66, 34, 67, 84, 83, 74, 98, 31, 89, 2, 12, 68, 96, 93, 25, 40, 78, 15, 19, 75, 9, 35, 37, 48, 79, 87, 20, 72, 38, 70, 42, 10, 54, 56, 41, 92, 1, 5, 29, 46, 76, 17, 53, 80, 71, 77, 58, 11, 4, 82, 23, 73, 51, 90, 85, 94, 52, 63, 44]"
146,3905.0,1496.0,"[66, 34, 67, 84, 83, 74, 98, 31, 89, 2, 12, 68, 96, 93, 25, 40, 78, 15, 19, 75, 9, 35, 37, 48, 79, 87, 20, 72, 38, 70, 42, 10, 54, 56, 41, 92, 1, 5, 29, 46, 76, 17, 53, 80, 71, 77, 58, 11, 4, 82, 23, 73, 51, 90, 85, 94, 52, 63, 44]"
147,3905.0,1496.0,"[66, 34, 67, 84, 83, 74, 98, 31, 89, 2, 12, 68, 96, 93, 25, 40, 78, 15, 19, 75, 9, 35, 37, 48, 79, 87, 20, 72, 38, 70, 42, 10, 54, 56, 41, 92, 1, 5, 29, 46, 76, 17, 53, 80, 71, 77, 58, 11, 4, 82, 23, 73, 51, 90, 85, 94, 52, 63, 44]"
148,3905.0,1496.0,"[66, 34, 67, 84, 83, 74, 98, 31, 89, 2, 12, 68, 96, 93, 25, 40, 78, 15, 19, 75, 9, 35, 37, 48, 79, 87, 20, 72, 38, 70, 42, 10, 54, 56, 41, 92, 1, 5, 29, 46, 76, 17, 53, 80, 71, 77, 58, 11, 4, 82, 23, 73, 51, 90, 85, 94, 52, 63, 44]"
149,3910.0,1491.0,"[66, 34, 67, 84, 83, 74, 98, 31, 89, 2, 12, 68, 96, 93, 25, 40, 78, 15, 19, 75, 9, 35, 37, 48, 79, 87, 20, 72, 38, 70, 42, 10, 54, 56, 41, 92, 1, 5, 29, 46, 76, 17, 53, 80, 71, 58, 11, 4, 82, 23, 73, 51, 90, 85, 94, 52, 63, 44, 13]"
150,3910.0,1491.0,"[66, 34, 67, 84, 83, 74, 98, 31, 89, 2, 12, 68, 96, 93, 25, 40, 78, 15, 19, 75, 9, 35, 37, 48, 79, 87, 20, 72, 38, 70, 42, 10, 54, 56, 41, 92, 1, 5, 29, 46, 76, 17, 53, 80, 71, 58, 11, 4, 82, 23, 73, 51, 90, 85, 94, 52, 63, 44, 13]"
151,3910.0,1491.0,"[66, 34, 67, 84, 83, 74, 98, 31, 89, 2, 12, 68, 96, 93, 25, 40, 78, 15, 19, 75, 9, 35, 37, 48, 79, 87, 20, 72, 38, 70, 42, 10, 54, 56, 41, 92, 1, 5, 29, 46, 76, 17, 53, 80, 71, 58, 11, 4, 82, 23, 73, 51, 90, 85, 94, 52, 63, 44, 13]"
152,3910.0,1491.0,"[66, 34, 67, 84, 83, 74, 98, 31, 89, 2, 12, 68, 96, 93, 25, 40, 78, 15, 19, 75, 9, 35, 37, 48, 79, 87, 20, 72, 38, 70, 42, 10, 54, 56, 41, 92, 1, 5, 29, 46, 76, 17, 53, 80, 71, 58, 11, 4, 82, 23, 73, 51, 90, 85, 94, 52, 63, 44, 13]"
153,3910.0,1491.0,"[66, 34, 67, 84, 83, 74, 98, 31, 89, 2, 12, 68, 96, 93, 25, 40, 78, 15, 19, 75, 9, 35, 37, 48, 79, 87, 20, 72, 38, 70, 42, 10, 54, 56, 41, 92, 1, 5, 29, 46, 76, 17, 53, 80, 71, 58, 11, 4, 82, 23, 73, 51, 90, 85, 94, 52, 63, 44, 13]"
154,3910.0,1491.0,"[66, 34, 67, 84, 83, 74, 98, 31, 89, 2, 12, 68, 96, 93, 25, 40, 78, 15, 19, 75, 9, 35, 37, 48, 79, 87, 20, 72, 38, 70, 42, 10, 54, 56, 41, 92, 1, 5, 29, 46, 76, 17, 53, 80, 71, 58, 11, 4, 82, 23, 73, 51, 90, 85, 94, 52, 63, 44, 13]"
155,3910.0,1491.0,"[66, 34, 67, 84, 83, 74, 98, 31, 89, 2, 12, 68, 96, 93, 25, 40, 78, 15, 19, 75, 9, 35, 37, 48, 79, 87, 20, 72, 38, 70, 42, 10, 54, 56, 41, 92, 1, 5, 29, 46, 76, 17, 53, 80, 71, 58, 11, 4, 82, 23, 73, 51, 90, 85, 94, 52, 63, 44, 13]"
156,3910.0,1491.0,"[66, 34, 67, 84, 83, 74, 98, 31, 89, 2, 12, 68, 96, 93, 25, 40, 78, 15, 19, 75, 9, 35, 37, 48, 79, 87, 20, 72, 38, 70, 42, 10, 54, 56, 41, 92, 1, 5, 29, 46, 76, 17, 53, 80, 71, 58, 11, 4, 82, 23, 73, 51, 90, 85, 94, 52, 63, 44, 13]"
157,3910.0,1491.0,"[66, 34, 67, 84, 83, 74, 98, 31, 89, 2, 12, 68, 96, 93, 25, 40, 78, 15, 19, 75, 9, 35, 37, 48, 79, 87, 20, 72, 38, 70, 42, 10, 54, 56, 41, 92, 1, 5, 29, 46, 76, 17, 53, 80, 71, 58, 11, 4, 82, 23, 73, 51, 90, 85, 94, 52, 63, 44, 13]"
158,3910.0,1491.0,"[66, 34, 67, 84, 83, 74, 98, 31, 89, 2, 12, 68, 96, 93, 25, 40, 78, 15, 19, 75, 9, 35, 37, 48, 79, 87, 20, 72, 38, 70, 42, 10, 54, 56, 41, 92, 1, 5, 29, 46, 76, 17, 53, 80, 71, 58, 11, 4, 82, 23, 73, 51, 90, 85, 94, 52, 63, 44, 13]"
159,3910.0,1491.0,"[66, 34, 67, 84, 83, 74, 98, 31, 89, 2, 12, 68, 96, 93, 25, 40, 78, 15, 19, 75, 9, 35, 37, 48, 79, 87, 20, 72, 38, 70, 42, 10, 54, 56, 41, 92, 1, 5, 29, 46, 76, 17, 53, 80, 71, 58, 11, 4, 82, 23, 73, 51, 90, 85, 94, 52, 63, 44, 13]"
160,3910.0,1491.0,"[66, 34, 67, 84, 83, 74, 98, 31, 89, 2, 12, 68, 96, 93, 25, 40, 78, 15, 19, 75, 9, 35, 37, 48, 79, 87, 20, 72, 38, 70, 42, 10, 54, 56, 41, 92, 1, 5, 29, 46, 76, 17, 53, 80, 71, 58, 11, 4, 82, 23, 73, 51, 90, 85, 94, 52, 63, 44, 13]"
161,3910.0,1491.0,"[66, 34, 67, 84, 83, 74, 98, 31, 89, 2, 12, 68, 96, 93, 25, 40, 78, 15, 19, 75, 9, 35, 37, 48, 79, 87, 20, 72, 38, 70, 42, 10, 54, 56, 41, 92, 1, 5, 29, 46, 76, 17, 53, 80, 71, 58, 11, 4, 82, 23, 73, 51, 90, 85, 94, 52, 63, 44, 13]"
162,3910.0,1491.0,"[66, 34, 67, 84, 83, 74, 98, 31, 89, 2, 12, 68, 96, 93, 25, 40, 78, 15, 19, 75, 9, 35, 37, 48, 79, 87, 20, 72, 38, 70, 42, 10, 54, 56, 41, 92, 1, 5, 29, 46, 76, 17, 53, 80, 71, 58, 11, 4, 82, 23, 73, 51, 90, 85, 94, 52, 63, 44, 13]"
163,3910.0,1491.0,"[66, 34, 67, 84, 83, 74, 98, 31, 89, 2, 12, 68, 96, 93, 25, 40, 78, 15, 19, 75, 9, 35, 37, 48, 79, 87, 20, 72, 38, 70, 42, 10, 54, 56, 41, 92, 1, 5, 29, 46, 76, 17, 53, 80, 71, 58, 11, 4, 82, 23, 73, 51, 90, 85, 94, 52, 63, 44, 13]"
164,3922.0,1469.0,"[66, 34, 67, 84, 83, 74, 98, 31, 89, 2, 12, 68, 96, 93, 25, 40, 78, 15, 19, 75, 9, 35, 37, 48, 79, 87, 20, 72, 38, 70, 42, 10, 54, 56, 41, 92, 1, 5, 29, 46, 76, 17, 80, 71, 58, 11, 4, 82, 23, 73, 51, 90, 85, 94, 52, 63, 44, 13, 22]"
165,3922.0,1469.0,"[66, 34, 67, 84, 83, 74, 98, 31, 89, 2, 12, 68, 96, 93, 25, 40, 78, 15, 19, 75, 9, 35, 37, 48, 79, 87, 20, 72, 38, 70, 42, 10, 54, 56, 41, 92, 1, 5, 29, 46, 76, 17, 80, 71, 58, 11, 4, 82, 23, 73, 51, 90, 85, 94, 52, 63, 44, 13, 22]"
166,3922.0,1469.0,"[66, 34, 67, 84, 83, 74, 98, 31, 89, 2, 12, 68, 96, 93, 25, 40, 78, 15, 19, 75, 9, 35, 37, 48, 79, 87, 20, 72, 38, 70, 42, 10, 54, 56, 41, 92, 1, 5, 29, 46, 76, 17, 80, 71, 58, 11, 4, 82, 23, 73, 51, 90, 85, 94, 52, 63, 44, 13, 22]"
167,3922.0,1469.0,"[66, 34, 67, 84, 83, 74, 98, 31, 89, 2, 12, 68, 96, 93, 25, 40, 78, 15, 19, 75, 9, 35, 37, 48, 79, 87, 20, 72, 38, 70, 42, 10, 54, 56, 41, 92, 1, 5, 29, 46, 76, 17, 80, 71, 58, 11, 4, 82, 23, 73, 51, 90, 85, 94, 52, 63, 44, 13, 22]"
168,3932.0,1487.0,"[66, 34, 67, 84, 83, 74, 98, 31, 89, 2, 12, 68, 96, 93, 25, 40, 78, 19, 75, 9, 35, 37, 48, 79, 87, 20, 72, 38, 70, 42, 10, 54, 56, 41, 92, 1, 5, 29, 46, 76, 17, 80, 71, 58, 11, 4, 82, 23, 73, 51, 90, 85, 94, 52, 63, 44, 13, 22, 81]"
169,3932.0,1487.0,"[66, 34, 67, 84, 83, 74, 98, 31, 89, 2, 12, 68, 96, 93, 25, 40, 78, 19, 75, 9, 35, 37, 48, 79, 87, 20, 72, 38, 70, 42, 10, 54, 56, 41, 92, 1, 5, 29, 46, 76, 17, 80, 71, 58, 11, 4, 82, 23, 73, 51, 90, 85, 94, 52, 63, 44, 13, 22, 81]"
170,3932.0,1487.0,"[66, 34, 67, 84, 83, 74, 98, 31, 89, 2, 12, 68, 96, 93, 25, 40, 78, 19, 75, 9, 35, 37, 48, 79, 87, 20, 72, 38, 70, 42, 10, 54, 56, 41, 92, 1, 5, 29, 46, 76, 17, 80, 71, 58, 11, 4, 82, 23, 73, 51, 90, 85, 94, 52, 63, 44, 13, 22, 81]"
171,3939.0,1465.0,"[66, 34, 67, 84, 83, 74, 98, 31, 89, 2, 12, 68, 96, 93, 25, 40, 78, 19, 75, 9, 35, 37, 48, 79, 87, 20, 72, 38, 70, 42, 10, 54, 56, 41, 92, 1, 5, 46, 76, 17, 80, 71, 58, 11, 4, 82, 23, 73, 51, 90, 85, 94, 52, 63, 44, 13, 22, 81, 24]"
172,3939.0,1465.0,"[66, 34, 67, 84, 83, 74, 98, 31, 89, 2, 12, 68, 96, 93, 25, 40, 78, 19, 75, 9, 35, 37, 48, 79, 87, 20, 72, 38, 70, 42, 10, 54, 56, 41, 92, 1, 5, 46, 76, 17, 80, 71, 58, 11, 4, 82, 23, 73, 51, 90, 85, 94, 52, 63, 44, 13, 22, 81, 24]"
173,3939.0,1465.0,"[66, 34, 67, 84, 83, 74, 98, 31, 89, 2, 12, 68, 96, 93, 25, 40, 78, 19, 75, 9, 35, 37, 48, 79, 87, 20, 72, 38, 70, 42, 10, 54, 56, 41, 92, 1, 5, 46, 76, 17, 80, 71, 58, 11, 4, 82, 23, 73, 51, 90, 85, 94, 52, 63, 44, 13, 22, 81, 24]"
174,3939.0,1465.0,"[66, 34, 67, 84, 83, 74, 98, 31, 89, 2, 12, 68, 96, 93, 25, 40, 78, 19, 75, 9, 35, 37, 48, 79, 87, 20, 72, 38, 70, 42, 10, 54, 56, 41, 92, 1, 5, 46, 76, 17, 80, 71, 58, 11, 4, 82, 23, 73, 51, 90, 85, 94, 52, 63, 44, 13, 22, 81, 24]"
175,3947.0,1467.0,"[66, 34, 67, 84, 83, 74, 98, 31, 89, 2, 12, 68, 96, 93, 25, 40, 78, 19, 75, 9, 35, 37, 48, 79, 87, 20, 72, 38, 70, 42, 10, 54, 56, 41, 92, 1, 5, 46, 76, 17, 80, 71, 58, 11, 4, 82, 23, 73, 51, 90, 85, 94, 52, 44, 13, 22, 81, 24, 59]"
176,3947.0,1467.0,"[66, 34, 67, 84, 83, 74, 98, 31, 89, 2, 12, 68, 96, 93, 25, 40, 78, 19, 75, 9, 35, 37, 48, 79, 87, 20, 72, 38, 70, 42, 10, 54, 56, 41, 92, 1, 5, 46, 76, 17, 80, 71, 58, 11, 4, 82, 23, 73, 51, 90, 85, 94, 52, 44, 13, 22, 81, 24, 59]"
177,3947.0,1467.0,"[66, 34, 67, 84, 83, 74, 98, 31, 89, 2, 12, 68, 96, 93, 25, 40, 78, 19, 75, 9, 35, 37, 48, 79, 87, 20, 72, 38, 70, 42, 10, 54, 56, 41, 92, 1, 5, 46, 76, 17, 80, 71, 58, 11, 4, 82, 23, 73, 51, 90, 85, 94, 52, 44, 13, 22, 81, 24, 59]"
178,3947.0,1467.0,"[66, 34, 67, 84, 83, 74, 98, 31, 89, 2, 12, 68, 96, 93, 25, 40, 78, 19, 75, 9, 35, 37, 48, 79, 87, 20, 72, 38, 70, 42, 10, 54, 56, 41, 92, 1, 5, 46, 76, 17, 80, 71, 58, 11, 4, 82, 23, 73, 51, 90, 85, 94, 52, 44, 13, 22, 81, 24, 59]"
179,3947.0,1467.0,"[66, 34, 67, 84, 83, 74, 98, 31, 89, 2, 12, 68, 96, 93, 25, 40, 78, 19, 75, 9, 35, 37, 48, 79, 87, 20, 72, 38, 70, 42, 10, 54, 56, 41, 92, 1, 5, 46, 76, 17, 80, 71, 58, 11, 4, 82, 23, 73, 51, 90, 85, 94, 52, 44, 13, 22, 81, 24, 59]"
180,3947.0,1467.0,"[66, 34, 67, 84, 83, 74, 98, 31, 89, 2, 12, 68, 96, 93, 25, 40, 78, 19, 75, 9, 35, 37, 48, 79, 87, 20, 72, 38, 70, 42, 10, 54, 56, 41, 92, 1, 5, 46, 76, 17, 80, 71, 58, 11, 4, 82, 23, 73, 51, 90, 85, 94, 52, 44, 13, 22, 81, 24, 59]"
181,3947.0,1467.0,"[66, 34, 67, 84, 83, 74, 98, 31, 89, 2, 12, 68, 96, 93, 25, 40, 78, 19, 75, 9, 35, 37, 48, 79, 87, 20, 72, 38, 70, 42, 10, 54, 56, 41, 92, 1, 5, 46, 76, 17, 80, 71, 58, 11, 4, 82, 23, 73, 51, 90, 85, 94, 52, 44, 13, 22, 81, 24, 59]"
182,3947.0,1467.0,"[66, 34, 67, 84, 83, 74, 98, 31, 89, 2, 12, 68, 96, 93, 25, 40, 78, 19, 75, 9, 35, 37, 48, 79, 87, 20, 72, 38, 70, 42, 10, 54, 56, 41, 92, 1, 5, 46, 76, 17, 80, 71, 58, 11, 4, 82, 23, 73, 51, 90, 85, 94, 52, 44, 13, 22, 81, 24, 59]"
183,3947.0,1467.0,"[66, 34, 67, 84, 83, 74, 98, 31, 89, 2, 12, 68, 96, 93, 25, 40, 78, 19, 75, 9, 35, 37, 48, 79, 87, 20, 72, 38, 70, 42, 10, 54, 56, 41, 92, 1, 5, 46, 76, 17, 80, 71, 58, 11, 4, 82, 23, 73, 51, 90, 85, 94, 52, 44, 13, 22, 81, 24, 59]"
184,3947.0,1467.0,"[66, 34, 67, 84, 83, 74, 98, 31, 89, 2, 12, 68, 96, 93, 25, 40, 78, 19, 75, 9, 35, 37, 48, 79, 87, 20, 72, 38, 70, 42, 10, 54, 56, 41, 92, 1, 5, 46, 76, 17, 80, 71, 58, 11, 4, 82, 23, 73, 51, 90, 85, 94, 52, 44, 13, 22, 81, 24, 59]"
185,3947.0,1467.0,"[66, 34, 67, 84, 83, 74, 98, 31, 89, 2, 12, 68, 96, 93, 25, 40, 78, 19, 75, 9, 35, 37, 48, 79, 87, 20, 72, 38, 70, 42, 10, 54, 56, 41, 92, 1, 5, 46, 76, 17, 80, 71, 58, 11, 4, 82, 23, 73, 51, 90, 85, 94, 52, 44, 13, 22, 81, 24, 59]"
186,3947.0,1467.0,"[66, 34, 67, 84, 83, 74, 98, 31, 89, 2, 12, 68, 96, 93, 25, 40, 78, 19, 75, 9, 35, 37, 48, 79, 87, 20, 72, 38, 70, 42, 10, 54, 56, 41, 92, 1, 5, 46, 76, 17, 80, 71, 58, 11, 4, 82, 23, 73, 51, 90, 85, 94, 52, 44, 13, 22, 81, 24, 59]"
187,3947.0,1467.0,"[66, 34, 67, 84, 83, 74, 98, 31, 89, 2, 12, 68, 96, 93, 25, 40, 78, 19, 75, 9, 35, 37, 48, 79, 87, 20, 72, 38, 70, 42, 10, 54, 56, 41, 92, 1, 5, 46, 76, 17, 80, 71, 58, 11, 4, 82, 23, 73, 51, 90, 85, 94, 52, 44, 13, 22, 81, 24, 59]"
188,3947.0,1467.0,"[66, 34, 67, 84, 83, 74, 98, 31, 89, 2, 12, 68, 96, 93, 25, 40, 78, 19, 75, 9, 35, 37, 48, 79, 87, 20, 72, 38, 70, 42, 10, 54, 56, 41, 92, 1, 5, 46, 76, 17, 80, 71, 58, 11, 4, 82, 23, 73, 51, 90, 85, 94, 52, 44, 13, 22, 81, 24, 59]"
189,3947.0,1467.0,"[66, 34, 67, 84, 83, 74, 98, 31, 89, 2, 12, 68, 96, 93, 25, 40, 78, 19, 75, 9, 35, 37, 48, 79, 87, 20, 72, 38, 70, 42, 10, 54, 56, 41, 92, 1, 5, 46, 76, 17, 80, 71, 58, 11, 4, 82, 23, 73, 51, 90, 85, 94, 52, 44, 13, 22, 81, 24, 59]"
190,3947.0,1467.0,"[66, 34, 67, 84, 83, 74, 98, 31, 89, 2, 12, 68, 96, 93, 25, 40, 78, 19, 75, 9, 35, 37, 48, 79, 87, 20, 72, 38, 70, 42, 10, 54, 56, 41, 92, 1, 5, 46, 76, 17, 80, 71, 58, 11, 4, 82, 23, 73, 51, 90, 85, 94, 52, 44, 13, 22, 81, 24, 59]"
191,3947.0,1467.0,"[66, 34, 67, 84, 83, 74, 98, 31, 89, 2, 12, 68, 96, 93, 25, 40, 78, 19, 75, 9, 35, 37, 48, 79, 87, 20, 72, 38, 70, 42, 10, 54, 56, 41, 92, 1, 5, 46, 76, 17, 80, 71, 58, 11, 4, 82, 23, 73, 51, 90, 85, 94, 52, 44, 13, 22, 81, 24, 59]"
192,3947.0,1467.0,"[66, 34, 67, 84, 83, 74, 98, 31, 89, 2, 12, 68, 96, 93, 25, 40, 78, 19, 75, 9, 35, 37, 48, 79, 87, 20, 72, 38, 70, 42, 10, 54, 56, 41, 92, 1, 5, 46, 76, 17, 80, 71, 58, 11, 4, 82, 23, 73, 51, 90, 85, 94, 52, 44, 13, 22, 81, 24, 59]"
193,3947.0,1467.0,"[66, 34, 67, 84, 83, 74, 98, 31, 89, 2, 12, 68, 96, 93, 25, 40, 78, 19, 75, 9, 35, 37, 48, 79, 87, 20, 72, 38, 70, 42, 10, 54, 56, 41, 92, 1, 5, 46, 76, 17, 80, 71, 58, 11, 4, 82, 23, 73, 51, 90, 85, 94, 52, 44, 13, 22, 81, 24, 59]"
194,3947.0,1467.0,"[66, 34, 67, 84, 83, 74, 98, 31, 89, 2, 12, 68, 96, 93, 25, 40, 78, 19, 75, 9, 35, 37, 48, 79, 87, 20, 72, 38, 70, 42, 10, 54, 56, 41, 92, 1, 5, 46, 76, 17, 80, 71, 58, 11, 4, 82, 23, 73, 51, 90, 85, 94, 52, 44, 13, 22, 81, 24, 59]"
195,3947.0,1467.0,"[66, 34, 67, 84, 83, 74, 98, 31, 89, 2, 12, 68, 96, 93, 25, 40, 78, 19, 75, 9, 35, 37, 48, 79, 87, 20, 72, 38, 70, 42, 10, 54, 56, 41, 92, 1, 5, 46, 76, 17, 80, 71, 58, 11, 4, 82, 23, 73, 51, 90, 85, 94, 52, 44, 13, 22, 81, 24, 59]"
196,3947.0,1467.0,"[66, 34, 67, 84, 83, 74, 98, 31, 89, 2, 12, 68, 96, 93, 25, 40, 78, 19, 75, 9, 35, 37, 48, 79, 87, 20, 72, 38, 70, 42, 10, 54, 56, 41, 92, 1, 5, 46, 76, 17, 80, 71, 58, 11, 4, 82, 23, 73, 51, 90, 85, 94, 52, 44, 13, 22, 81, 24, 59]"
197,3947.0,1467.0,"[66, 34, 67, 84, 83, 74, 98, 31, 89, 2, 12, 68, 96, 93, 25, 40, 78, 19, 75, 9, 35, 37, 48, 79, 87, 20, 72, 38, 70, 42, 10, 54, 56, 41, 92, 1, 5, 46, 76, 17, 80, 71, 58, 11, 4, 82, 23, 73, 51, 90, 85, 94, 52, 44, 13, 22, 81, 24, 59]"
198,3947.0,1467.0,"[66, 34, 67, 84, 83, 74, 98, 31, 89, 2, 12, 68, 96, 93, 25, 40, 78, 19, 75, 9, 35, 37, 48, 79, 87, 20, 72, 38, 70, 42, 10, 54, 56, 41, 92, 1, 5, 46, 76, 17, 80, 71, 58, 11, 4, 82, 23, 73, 51, 90, 85, 94, 52, 44, 13, 22, 81, 24, 59]"
199,3958.0,1457.0,"[66, 34, 67, 84, 83, 74, 98, 31, 89, 2, 12, 68, 96, 93, 25, 40, 19, 75, 9, 35, 37, 48, 79, 87, 20, 72, 38, 70, 42, 10, 54, 56, 41, 92, 1, 5, 46, 76, 17, 80, 71, 58, 11, 4, 82, 23, 73, 51, 90, 85, 94, 52, 44, 13, 22, 81, 24, 59, 47]"
200,3958.0,1457.0,"[66, 34, 67, 84, 83, 74, 98, 31, 89, 2, 12, 68, 96, 93, 25, 40, 19, 75, 9, 35, 37, 48, 79, 87, 20, 72, 38, 70, 42, 10, 54, 56, 41, 92, 1, 5, 46, 76, 17, 80, 71, 58, 11, 4, 82, 23, 73, 51, 90, 85, 94, 52, 44, 13, 22, 81, 24, 59, 47]"
201,3958.0,1457.0,"[66, 34, 67, 84, 83, 74, 98, 31, 89, 2, 12, 68, 96, 93, 25, 40, 19, 75, 9, 35, 37, 48, 79, 87, 20, 72, 38, 70, 42, 10, 54, 56, 41, 92, 1, 5, 46, 76, 17, 80, 71, 58, 11, 4, 82, 23, 73, 51, 90, 85, 94, 52, 44, 13, 22, 81, 24, 59, 47]"
202,3958.0,1457.0,"[66, 34, 67, 84, 83, 74, 98, 31, 89, 2, 12, 68, 96, 93, 25, 40, 19, 75, 9, 35, 37, 48, 79, 87, 20, 72, 38, 70, 42, 10, 54, 56, 41, 92, 1, 5, 46, 76, 17, 80, 71, 58, 11, 4, 82, 23, 73, 51, 90, 85, 94, 52, 44, 13, 22, 81, 24, 59, 47]"
203,3958.0,1457.0,"[66, 34, 67, 84, 83, 74, 98, 31, 89, 2, 12, 68, 96, 93, 25, 40, 19, 75, 9, 35, 37, 48, 79, 87, 20, 72, 38, 70, 42, 10, 54, 56, 41, 92, 1, 5, 46, 76, 17, 80, 71, 58, 11, 4, 82, 23, 73, 51, 90, 85, 94, 52, 44, 13, 22, 81, 24, 59, 47]"
204,3958.0,1457.0,"[66, 34, 67, 84, 83, 74, 98, 31, 89, 2, 12, 68, 96, 93, 25, 40, 19, 75, 9, 35, 37, 48, 79, 87, 20, 72, 38, 70, 42, 10, 54, 56, 41, 92, 1, 5, 46, 76, 17, 80, 71, 58, 11, 4, 82, 23, 73, 51, 90, 85, 94, 52, 44, 13, 22, 81, 24, 59, 47]"
205,3958.0,1457.0,"[66, 34, 67, 84, 83, 74, 98, 31, 89, 2, 12, 68, 96, 93, 25, 40, 19, 75, 9, 35, 37, 48, 79, 87, 20, 72, 38, 70, 42, 10, 54, 56, 41, 92, 1, 5, 46, 76, 17, 80, 71, 58, 11, 4, 82, 23, 73, 51, 90, 85, 94, 52, 44, 13, 22, 81, 24, 59, 47]"
206,4011.0,1441.0,"[66, 34, 67, 84, 83, 74, 98, 31, 89, 2, 12, 68, 96, 93, 25, 40, 19, 75, 9, 35, 37, 48, 79, 87, 20, 72, 38, 70, 42, 10, 54, 56, 41, 92, 1, 5, 46, 76, 17, 80, 71, 58, 11, 4, 82, 23, 73, 51, 90, 85, 94, 52, 13, 22, 81, 24, 59, 47, 45]"
207,4011.0,1441.0,"[66, 34, 67, 84, 83, 74, 98, 31, 89, 2, 12, 68, 96, 93, 25, 40, 19, 75, 9, 35, 37, 48, 79, 87, 20, 72, 38, 70, 42, 10, 54, 56, 41, 92, 1, 5, 46, 76, 17, 80, 71, 58, 11, 4, 82, 23, 73, 51, 90, 85, 94, 52, 13, 22, 81, 24, 59, 47, 45]"
208,4011.0,1441.0,"[66, 34, 67, 84, 83, 74, 98, 31, 89, 2, 12, 68, 96, 93, 25, 40, 19, 75, 9, 35, 37, 48, 79, 87, 20, 72, 38, 70, 42, 10, 54, 56, 41, 92, 1, 5, 46, 76, 17, 80, 71, 58, 11, 4, 82, 23, 73, 51, 90, 85, 94, 52, 13, 22, 81, 24, 59, 47, 45]"
209,4011.0,1441.0,"[66, 34, 67, 84, 83, 74, 98, 31, 89, 2, 12, 68, 96, 93, 25, 40, 19, 75, 9, 35, 37, 48, 79, 87, 20, 72, 38, 70, 42, 10, 54, 56, 41, 92, 1, 5, 46, 76, 17, 80, 71, 58, 11, 4, 82, 23, 73, 51, 90, 85, 94, 52, 13, 22, 81, 24, 59, 47, 45]"
210,4056.0,1469.0,"[34, 67, 84, 83, 74, 98, 31, 89, 2, 12, 68, 96, 93, 25, 40, 19, 75, 9, 35, 37, 48, 79, 87, 20, 72, 38, 70, 42, 10, 54, 56, 41, 92, 1, 5, 46, 76, 17, 80, 71, 58, 11, 4, 82, 23, 73, 51, 90, 85, 94, 52, 13, 22, 81, 24, 59, 47, 45, 62]"
211,4056.0,1469.0,"[34, 67, 84, 83, 74, 98, 31, 89, 2, 12, 68, 96, 93, 25, 40, 19, 75, 9, 35, 37, 48, 79, 87, 20, 72, 38, 70, 42, 10, 54, 56, 41, 92, 1, 5, 46, 76, 17, 80, 71, 58, 11, 4, 82, 23, 73, 51, 90, 85, 94, 52, 13, 22, 81, 24, 59, 47, 45, 62]"
212,4056.0,1469.0,"[34, 67, 84, 83, 74, 98, 31, 89, 2, 12, 68, 96, 93, 25, 40, 19, 75, 9, 35, 37, 48, 79, 87, 20, 72, 38, 70, 42, 10, 54, 56, 41, 92, 1, 5, 46, 76, 17, 80, 71, 58, 11, 4, 82, 23, 73, 51, 90, 85, 94, 52, 13, 22, 81, 24, 59, 47, 45, 62]"
213,4056.0,1469.0,"[34, 67, 84, 83, 74, 98, 31, 89, 2, 12, 68, 96, 93, 25, 40, 19, 75, 9, 35, 37, 48, 79, 87, 20, 72, 38, 70, 42, 10, 54, 56, 41, 92, 1, 5, 46, 76, 17, 80, 71, 58, 11, 4, 82, 23, 73, 51, 90, 85, 94, 52, 13, 22, 81, 24, 59, 47, 45, 62]"
214,4056.0,1469.0,"[34, 67, 84, 83, 74, 98, 31, 89, 2, 12, 68, 96, 93, 25, 40, 19, 75, 9, 35, 37, 48, 79, 87, 20, 72, 38, 70, 42, 10, 54, 56, 41, 92, 1, 5, 46, 76, 17, 80, 71, 58, 11, 4, 82, 23, 73, 51, 90, 85, 94, 52, 13, 22, 81, 24, 59, 47, 45, 62]"
215,4063.0,1462.0,"[34, 67, 84, 83, 74, 98, 31, 89, 2, 12, 68, 96, 93, 25, 40, 19, 75, 9, 35, 37, 48, 79, 87, 20, 72, 38, 70, 42, 10, 54, 56, 41, 92, 1, 5, 46, 76, 80, 71, 58, 11, 4, 82, 23, 73, 51, 90, 85, 94, 52, 13, 22, 81, 24, 59, 47, 45, 62, 21]"
216,4063.0,1462.0,"[34, 67, 84, 83, 74, 98, 31, 89, 2, 12, 68, 96, 93, 25, 40, 19, 75, 9, 35, 37, 48, 79, 87, 20, 72, 38, 70, 42, 10, 54, 56, 41, 92, 1, 5, 46, 76, 80, 71, 58, 11, 4, 82, 23, 73, 51, 90, 85, 94, 52, 13, 22, 81, 24, 59, 47, 45, 62, 21]"
217,4063.0,1462.0,"[34, 67, 84, 83, 74, 98, 31, 89, 2, 12, 68, 96, 93, 25, 40, 19, 75, 9, 35, 37, 48, 79, 87, 20, 72, 38, 70, 42, 10, 54, 56, 41, 92, 1, 5, 46, 76, 80, 71, 58, 11, 4, 82, 23, 73, 51, 90, 85, 94, 52, 13, 22, 81, 24, 59, 47, 45, 62, 21]"
218,4063.0,1462.0,"[34, 67, 84, 83, 74, 98, 31, 89, 2, 12, 68, 96, 93, 25, 40, 19, 75, 9, 35, 37, 48, 79, 87, 20, 72, 38, 70, 42, 10, 54, 56, 41, 92, 1, 5, 46, 76, 80, 71, 58, 11, 4, 82, 23, 73, 51, 90, 85, 94, 52, 13, 22, 81, 24, 59, 47, 45, 62, 21]"
219,4063.0,1462.0,"[34, 67, 84, 83, 74, 98, 31, 89, 2, 12, 68, 96, 93, 25, 40, 19, 75, 9, 35, 37, 48, 79, 87, 20, 72, 38, 70, 42, 10, 54, 56, 41, 92, 1, 5, 46, 76, 80, 71, 58, 11, 4, 82, 23, 73, 51, 90, 85, 94, 52, 13, 22, 81, 24, 59, 47, 45, 62, 21]"
220,4063.0,1462.0,"[34, 67, 84, 83, 74, 98, 31, 89, 2, 12, 68, 96, 93, 25, 40, 19, 75, 9, 35, 37, 48, 79, 87, 20, 72, 38, 70, 42, 10, 54, 56, 41, 92, 1, 5, 46, 76, 80, 71, 58, 11, 4, 82, 23, 73, 51, 90, 85, 94, 52, 13, 22, 81, 24, 59, 47, 45, 62, 21]"
221,4063.0,1462.0,"[34, 67, 84, 83, 74, 98, 31, 89, 2, 12, 68, 96, 93, 25, 40, 19, 75, 9, 35, 37, 48, 79, 87, 20, 72, 38, 70, 42, 10, 54, 56, 41, 92, 1, 5, 46, 76, 80, 71, 58, 11, 4, 82, 23, 73, 51, 90, 85, 94, 52, 13, 22, 81, 24, 59, 47, 45, 62, 21]"
222,4063.0,1462.0,"[34, 67, 84, 83, 74, 98, 31, 89, 2, 12, 68, 96, 93, 25, 40, 19, 75, 9, 35, 37, 48, 79, 87, 20, 72, 38, 70, 42, 10, 54, 56, 41, 92, 1, 5, 46, 76, 80, 71, 58, 11, 4, 82, 23, 73, 51, 90, 85, 94, 52, 13, 22, 81, 24, 59, 47, 45, 62, 21]"
223,4063.0,1462.0,"[34, 67, 84, 83, 74, 98, 31, 89, 2, 12, 68, 96, 93, 25, 40, 19, 75, 9, 35, 37, 48, 79, 87, 20, 72, 38, 70, 42, 10, 54, 56, 41, 92, 1, 5, 46, 76, 80, 71, 58, 11, 4, 82, 23, 73, 51, 90, 85, 94, 52, 13, 22, 81, 24, 59, 47, 45, 62, 21]"
224,4063.0,1462.0,"[34, 67, 84, 83, 74, 98, 31, 89, 2, 12, 68, 96, 93, 25, 40, 19, 75, 9, 35, 37, 48, 79, 87, 20, 72, 38, 70, 42, 10, 54, 56, 41, 92, 1, 5, 46, 76, 80, 71, 58, 11, 4, 82, 23, 73, 51, 90, 85, 94, 52, 13, 22, 81, 24, 59, 47, 45, 62, 21]"
225,4063.0,1462.0,"[34, 67, 84, 83, 74, 98, 31, 89, 2, 12, 68, 96, 93, 25, 40, 19, 75, 9, 35, 37, 48, 79, 87, 20, 72, 38, 70, 42, 10, 54, 56, 41, 92, 1, 5, 46, 76, 80, 71, 58, 11, 4, 82, 23, 73, 51, 90, 85, 94, 52, 13, 22, 81, 24, 59, 47, 45, 62, 21]"
226,4063.0,1462.0,"[34, 67, 84, 83, 74, 98, 31, 89, 2, 12, 68, 96, 93, 25, 40, 19, 75, 9, 35, 37, 48, 79, 87, 20, 72, 38, 70, 42, 10, 54, 56, 41, 92, 1, 5, 46, 76, 80, 71, 58, 11, 4, 82, 23, 73, 51, 90, 85, 94, 52, 13, 22, 81, 24, 59, 47, 45, 62, 21]"
227,4063.0,1462.0,"[34, 67, 84, 83, 74, 98, 31, 89, 2, 12, 68, 96, 93, 25, 40, 19, 75, 9, 35, 37, 48, 79, 87, 20, 72, 38, 70, 42, 10, 54, 56, 41, 92, 1, 5, 46, 76, 80, 71, 58, 11, 4, 82, 23, 73, 51, 90, 85, 94, 52, 13, 22, 81, 24, 59, 47, 45, 62, 21]"
228,4063.0,1462.0,"[34, 67, 84, 83, 74, 98, 31, 89, 2, 12, 68, 96, 93, 25, 40, 19, 75, 9, 35, 37, 48, 79, 87, 20, 72, 38, 70, 42, 10, 54, 56, 41, 92, 1, 5, 46, 76, 80, 71, 58, 11, 4, 82, 23, 73, 51, 90, 85, 94, 52, 13, 22, 81, 24, 59, 47, 45, 62, 21]"
229,4063.0,1462.0,"[34, 67, 84, 83, 74, 98, 31, 89, 2, 12, 68, 96, 93, 25, 40, 19, 75, 9, 35, 37, 48, 79, 87, 20, 72, 38, 70, 42, 10, 54, 56, 41, 92, 1, 5, 46, 76, 80, 71, 58, 11, 4, 82, 23, 73, 51, 90, 85, 94, 52, 13, 22, 81, 24, 59, 47, 45, 62, 21]"
230,4063.0,1462.0,"[34, 67, 84, 83, 74, 98, 31, 89, 2, 12, 68, 96, 93, 25, 40, 19, 75, 9, 35, 37, 48, 79, 87, 20, 72, 38, 70, 42, 10, 54, 56, 41, 92, 1, 5, 46, 76, 80, 71, 58, 11, 4, 82, 23, 73, 51, 90, 85, 94, 52, 13, 22, 81, 24, 59, 47, 45, 62, 21]"
231,4063.0,1462.0,"[34, 67, 84, 83, 74, 98, 31, 89, 2, 12, 68, 96, 93, 25, 40, 19, 75, 9, 35, 37, 48, 79, 87, 20, 72, 38, 70, 42, 10, 54, 56, 41, 92, 1, 5, 46, 76, 80, 71, 58, 11, 4, 82, 23, 73, 51, 90, 85, 94, 52, 13, 22, 81, 24, 59, 47, 45, 62, 21]"
232,4063.0,1462.0,"[34, 67, 84, 83, 74, 98, 31, 89, 2, 12, 68, 96, 93, 25, 40, 19, 75, 9, 35, 37, 48, 79, 87, 20, 72, 38, 70, 42, 10, 54, 56, 41, 92, 1, 5, 46, 76, 80, 71, 58, 11, 4, 82, 23, 73, 51, 90, 85, 94, 52, 13, 22, 81, 24, 59, 47, 45, 62, 21]"
233,4063.0,1462.0,"[34, 67, 84, 83, 74, 98, 31, 89, 2, 12, 68, 96, 93, 25, 40, 19, 75, 9, 35, 37, 48, 79, 87, 20, 72, 38, 70, 42, 10, 54, 56, 41, 92, 1, 5, 46, 76, 80, 71, 58, 11, 4, 82, 23, 73, 51, 90, 85, 94, 52, 13, 22, 81, 24, 59, 47, 45, 62, 21]"
234,4063.0,1462.0,"[34, 67, 84, 83, 74, 98, 31, 89, 2, 12, 68, 96, 93, 25, 40, 19, 75, 9, 35, 37, 48, 79, 87, 20, 72, 38, 70, 42, 10, 54, 56, 41, 92, 1, 5, 46, 76, 80, 71, 58, 11, 4, 82, 23, 73, 51, 90, 85, 94, 52, 13, 22, 81, 24, 59, 47, 45, 62, 21]"
235,4063.0,1462.0,"[34, 67, 84, 83, 74, 98, 31, 89, 2, 12, 68, 96, 93, 25, 40, 19, 75, 9, 35, 37, 48, 79, 87, 20, 72, 38, 70, 42, 10, 54, 56, 41, 92, 1, 5, 46, 76, 80, 71, 58, 11, 4, 82, 23, 73, 51, 90, 85, 94, 52, 13, 22, 81, 24, 59, 47, 45, 62, 21]"
236,4063.0,1462.0,"[34, 67, 84, 83, 74, 98, 31, 89, 2, 12, 68, 96, 93, 25, 40, 19, 75, 9, 35, 37, 48, 79, 87, 20, 72, 38, 70, 42, 10, 54, 56, 41, 92, 1, 5, 46, 76, 80, 71, 58, 11, 4, 82, 23, 73, 51, 90, 85, 94, 52, 13, 22, 81, 24, 59, 47, 45, 62, 21]"
237,4063.0,1462.0,"[34, 67, 84, 83, 74, 98, 31, 89, 2, 12, 68, 96, 93, 25, 40, 19, 75, 9, 35, 37, 48, 79, 87, 20, 72, 38, 70, 42, 10, 54, 56, 41, 92, 1, 5, 46, 76, 80, 71, 58, 11, 4, 82, 23, 73, 51, 90, 85, 94, 52, 13, 22, 81, 24, 59, 47, 45, 62, 21]"
238,4063.0,1462.0,"[34, 67, 84, 83, 74, 98, 31, 89, 2, 12, 68, 96, 93, 25, 40, 19, 75, 9, 35, 37, 48, 79, 87, 20, 72, 38, 70, 42, 10, 54, 56, 41, 92, 1, 5, 46, 76, 80, 71, 58, 11, 4, 82, 23, 73, 51, 90, 85, 94, 52, 13, 22, 81, 24, 59, 47, 45, 62, 21]"
239,4063.0,1462.0,"[34, 67, 84, 83, 74, 98, 31, 89, 2, 12, 68, 96, 93, 25, 40, 19, 75, 9, 35, 37, 48, 79, 87, 20, 72, 38, 70, 42, 10, 54, 56, 41, 92, 1, 5, 46, 76, 80, 71, 58, 11, 4, 82, 23, 73, 51, 90, 85, 94, 52, 13, 22, 81, 24, 59, 47, 45, 62, 21]"
240,4063.0,1462.0,"[34, 67, 84, 83, 74, 98, 31, 89, 2, 12, 68, 96, 93, 25, 40, 19, 75, 9, 35, 37, 48, 79, 87, 20, 72, 38, 70, 42, 10, 54, 56, 41, 92, 1, 5, 46, 76, 80, 71, 58, 11, 4, 82, 23, 73, 51, 90, 85, 94, 52, 13, 22, 81, 24, 59, 47, 45, 62, 21]"
241,4063.0,1462.0,"[34, 67, 84, 83, 74, 98, 31, 89, 2, 12, 68, 96, 93, 25, 40, 19, 75, 9, 35, 37, 48, 79, 87, 20, 72, 38, 70, 42, 10, 54, 56, 41, 92, 1, 5, 46, 76, 80, 71, 58, 11, 4, 82, 23, 73, 51, 90, 85, 94, 52, 13, 22, 81, 24, 59, 47, 45, 62, 21]"
242,4063.0,1462.0,"[34, 67, 84, 83, 74, 98, 31, 89, 2, 12, 68, 96, 93, 25, 40, 19, 75, 9, 35, 37, 48, 79, 87, 20, 72, 38, 70, 42, 10, 54, 56, 41, 92, 1, 5, 46, 76, 80, 71, 58, 11, 4, 82, 23, 73, 51, 90, 85, 94, 52, 13, 22, 81, 24, 59, 47, 45, 62, 21]"
243,4063.0,1462.0,"[34, 67, 84, 83, 74, 98, 31, 89, 2, 12, 68, 96, 93, 25, 40, 19, 75, 9, 35, 37, 48, 79, 87, 20, 72, 38, 70, 42, 10, 54, 56, 41, 92, 1, 5, 46, 76, 80, 71, 58, 11, 4, 82, 23, 73, 51, 90, 85, 94, 52, 13, 22, 81, 24, 59, 47, 45, 62, 21]"
244,4063.0,1462.0,"[34, 67, 84, 83, 74, 98, 31, 89, 2, 12, 68, 96, 93, 25, 40, 19, 75, 9, 35, 37, 48, 79, 87, 20, 72, 38, 70, 42, 10, 54, 56, 41, 92, 1, 5, 46, 76, 80, 71, 58, 11, 4, 82, 23, 73, 51, 90, 85, 94, 52, 13, 22, 81, 24, 59, 47, 45, 62, 21]"
245,4063.0,1462.0,"[34, 67, 84, 83, 74, 98, 31, 89, 2, 12, 68, 96, 93, 25, 40, 19, 75, 9, 35, 37, 48, 79, 87, 20, 72, 38, 70, 42, 10, 54, 56, 41, 92, 1, 5, 46, 76, 80, 71, 58, 11, 4, 82, 23, 73, 51, 90, 85, 94, 52, 13, 22, 81, 24, 59, 47, 45, 62, 21]"
246,4063.0,1462.0,"[34, 67, 84, 83, 74, 98, 31, 89, 2, 12, 68, 96, 93, 25, 40, 19, 75, 9, 35, 37, 48, 79, 87, 20, 72, 38, 70, 42, 10, 54, 56, 41, 92, 1, 5, 46, 76, 80, 71, 58, 11, 4, 82, 23, 73, 51, 90, 85, 94, 52, 13, 22, 81, 24, 59, 47, 45, 62, 21]"
247,4071.0,1478.0,"[34, 84, 83, 74, 98, 31, 89, 2, 12, 68, 96, 93, 25, 40, 19, 75, 9, 35, 37, 48, 79, 87, 20, 72, 38, 70, 42, 10, 54, 56, 41, 92, 1, 5, 46, 76, 80, 71, 58, 11, 4, 82, 23, 73, 51, 90, 85, 94, 52, 13, 22, 81, 24, 59, 47, 45, 62, 21, 14]"
248,4071.0,1478.0,"[34, 84, 83, 74, 98, 31, 89, 2, 12, 68, 96, 93, 25, 40, 19, 75, 9, 35, 37, 48, 79, 87, 20, 72, 38, 70, 42, 10, 54, 56, 41, 92, 1, 5, 46, 76, 80, 71, 58, 11, 4, 82, 23, 73, 51, 90, 85, 94, 52, 13, 22, 81, 24, 59, 47, 45, 62, 21, 14]"
249,4071.0,1478.0,"[34, 84, 83, 74, 98, 31, 89, 2, 12, 68, 96, 93, 25, 40, 19, 75, 9, 35, 37, 48, 79, 87, 20, 72, 38, 70, 42, 10, 54, 56, 41, 92, 1, 5, 46, 76, 80, 71, 58, 11, 4, 82, 23, 73, 51, 90, 85, 94, 52, 13, 22, 81, 24, 59, 47, 45, 62, 21, 14]"
250,4071.0,1478.0,"[34, 84, 83, 74, 98, 31, 89, 2, 12, 68, 96, 93, 25, 40, 19, 75, 9, 35, 37, 48, 79, 87, 20, 72, 38, 70, 42, 10, 54, 56, 41, 92, 1, 5, 46, 76, 80, 71, 58, 11, 4, 82, 23, 73, 51, 90, 85, 94, 52, 13, 22, 81, 24, 59, 47, 45, 62, 21, 14]"
251,4071.0,1478.0,"[34, 84, 83, 74, 98, 31, 89, 2, 12, 68, 96, 93, 25, 40, 19, 75, 9, 35, 37, 48, 79, 87, 20, 72, 38, 70, 42, 10, 54, 56, 41, 92, 1, 5, 46, 76, 80, 71, 58, 11, 4, 82, 23, 73, 51, 90, 85, 94, 52, 13, 22, 81, 24, 59, 47, 45, 62, 21, 14]"
252,4071.0,1478.0,"[34, 84, 83, 74, 98, 31, 89, 2, 12, 68, 96, 93, 25, 40, 19, 75, 9, 35, 37, 48, 79, 87, 20, 72, 38, 70, 42, 10, 54, 56, 41, 92, 1, 5, 46, 76, 80, 71, 58, 11, 4, 82, 23, 73, 51, 90, 85, 94, 52, 13, 22, 81, 24, 59, 47, 45, 62, 21, 14]"
253,4071.0,1478.0,"[34, 84, 83, 74, 98, 31, 89, 2, 12, 68, 96, 93, 25, 40, 19, 75, 9, 35, 37, 48, 79, 87, 20, 72, 38, 70, 42, 10, 54, 56, 41, 92, 1, 5, 46, 76, 80, 71, 58, 11, 4, 82, 23, 73, 51, 90, 85, 94, 52, 13, 22, 81, 24, 59, 47, 45, 62, 21, 14]"
254,4071.0,1478.0,"[34, 84, 83, 74, 98, 31, 89, 2, 12, 68, 96, 93, 25, 40, 19, 75, 9, 35, 37, 48, 79, 87, 20, 72, 38, 70, 42, 10, 54, 56, 41, 92, 1, 5, 46, 76, 80, 71, 58, 11, 4, 82, 23, 73, 51, 90, 85, 94, 52, 13, 22, 81, 24, 59, 47, 45, 62, 21, 14]"
255,4071.0,1478.0,"[34, 84, 83, 74, 98, 31, 89, 2, 12, 68, 96, 93, 25, 40, 19, 75, 9, 35, 37, 48, 79, 87, 20, 72, 38, 70, 42, 10, 54, 56, 41, 92, 1, 5, 46, 76, 80, 71, 58, 11, 4, 82, 23, 73, 51, 90, 85, 94, 52, 13, 22, 81, 24, 59, 47, 45, 62, 21, 14]"
256,4071.0,1478.0,"[34, 84, 83, 74, 98, 31, 89, 2, 12, 68, 96, 93, 25, 40, 19, 75, 9, 35, 37, 48, 79, 87, 20, 72, 38, 70, 42, 10, 54, 56, 41, 92, 1, 5, 46, 76, 80, 71, 58, 11, 4, 82, 23, 73, 51, 90, 85, 94, 52, 13, 22, 81, 24, 59, 47, 45, 62, 21, 14]"
257,4071.0,1478.0,"[34, 84, 83, 74, 98, 31, 89, 2, 12, 68, 96, 93, 25, 40, 19, 75, 9, 35, 37, 48, 79, 87, 20, 72, 38, 70, 42, 10, 54, 56, 41, 92, 1, 5, 46, 76, 80, 71, 58, 11, 4, 82, 23, 73, 51, 90, 85, 94, 52, 13, 22, 81, 24, 59, 47, 45, 62, 21, 14]"
258,4071.0,1478.0,"[34, 84, 83, 74, 98, 31, 89, 2, 12, 68, 96, 93, 25, 40, 19, 75, 9, 35, 37, 48, 79, 87, 20, 72, 38, 70, 42, 10, 54, 56, 41, 92, 1, 5, 46, 76, 80, 71, 58, 11, 4, 82, 23, 73, 51, 90, 85, 94, 52, 13, 22, 81, 24, 59, 47, 45, 62, 21, 14]"
259,4071.0,1478.0,"[34, 84, 83, 74, 98, 31, 89, 2, 12, 68, 96, 93, 25, 40, 19, 75, 9, 35, 37, 48, 79, 87, 20, 72, 38, 70, 42, 10, 54, 56, 41, 92, 1, 5, 46, 76, 80, 71, 58, 11, 4, 82, 23, 73, 51, 90, 85, 94, 52, 13, 22, 81, 24, 59, 47, 45, 62, 21, 14]"
260,4071.0,1478.0,"[34, 84, 83, 74, 98, 31, 89, 2, 12, 68, 96, 93, 25, 40, 19, 75, 9, 35, 37, 48, 79, 87, 20, 72, 38, 70, 42, 10, 54, 56, 41, 92, 1, 5, 46, 76, 80, 71, 58, 11, 4, 82, 23, 73, 51, 90, 85, 94, 52, 13, 22, 81, 24, 59, 47, 45, 62, 21, 14]"
261,4071.0,1478.0,"[34, 84, 83, 74, 98, 31, 89, 2, 12, 68, 96, 93, 25, 40, 19, 75, 9, 35, 37, 48, 79, 87, 20, 72, 38, 70, 42, 10, 54, 56, 41, 92, 1, 5, 46, 76, 80, 71, 58, 11, 4, 82, 23, 73, 51, 90, 85, 94, 52, 13, 22, 81, 24, 59, 47, 45, 62, 21, 14]"
262,4071.0,1478.0,"[34, 84, 83, 74, 98, 31, 89, 2, 12, 68, 96, 93, 25, 40, 19, 75, 9, 35, 37, 48, 79, 87, 20, 72, 38, 70, 42, 10, 54, 56, 41, 92, 1, 5, 46, 76, 80, 71, 58, 11, 4, 82, 23, 73, 51, 90, 85, 94, 52, 13, 22, 81, 24, 59, 47, 45, 62, 21, 14]"
263,4071.0,1478.0,"[34, 84, 83, 74, 98, 31, 89, 2, 12, 68, 96, 93, 25, 40, 19, 75, 9, 35, 37, 48, 79, 87, 20, 72, 38, 70, 42, 10, 54, 56, 41, 92, 1, 5, 46, 76, 80, 71, 58, 11, 4, 82, 23, 73, 51, 90, 85, 94, 52, 13, 22, 81, 24, 59, 47, 45, 62, 21, 14]"
264,4071.0,1478.0,"[34, 84, 83, 74, 98, 31, 89, 2, 12, 68, 96, 93, 25, 40, 19, 75, 9, 35, 37, 48, 79, 87, 20, 72, 38, 70, 42, 10, 54, 56, 41, 92, 1, 5, 46, 76, 80, 71, 58, 11, 4, 82, 23, 73, 51, 90, 85, 94, 52, 13, 22, 81, 24, 59, 47, 45, 62, 21, 14]"
265,4071.0,1478.0,"[34, 84, 83, 74, 98, 31, 89, 2, 12, 68, 96, 93, 25, 40, 19, 75, 9, 35, 37, 48, 79, 87, 20, 72, 38, 70, 42, 10, 54, 56, 41, 92, 1, 5, 46, 76, 80, 71, 58, 11, 4, 82, 23, 73, 51, 90, 85, 94, 52, 13, 22, 81, 24, 59, 47, 45, 62, 21, 14]"
266,4071.0,1478.0,"[34, 84, 83, 74, 98, 31, 89, 2, 12, 68, 96, 93, 25, 40, 19, 75, 9, 35, 37, 48, 79, 87, 20, 72, 38, 70, 42, 10, 54, 56, 41, 92, 1, 5, 46, 76, 80, 71, 58, 11, 4, 82, 23, 73, 51, 90, 85, 94, 52, 13, 22, 81, 24, 59, 47, 45, 62, 21, 14]"
267,4071.0,1478.0,"[34, 84, 83, 74, 98, 31, 89, 2, 12, 68, 96, 93, 25, 40, 19, 75, 9, 35, 37, 48, 79, 87, 20, 72, 38, 70, 42, 10, 54, 56, 41, 92, 1, 5, 46, 76, 80, 71, 58, 11, 4, 82, 23, 73, 51, 90, 85, 94, 52, 13, 22, 81, 24, 59, 47, 45, 62, 21, 14]"
268,4071.0,1478.0,"[34, 84, 83, 74, 98, 31, 89, 2, 12, 68, 96, 93, 25, 40, 19, 75, 9, 35, 37, 48, 79, 87, 20, 72, 38, 70, 42, 10, 54, 56, 41, 92, 1, 5, 46, 76, 80, 71, 58, 11, 4, 82, 23, 73, 51, 90, 85, 94, 52, 13, 22, 81, 24, 59, 47, 45, 62, 21, 14]"
269,4071.0,1478.0,"[34, 84, 83, 74, 98, 31, 89, 2, 12, 68, 96, 93, 25, 40, 19, 75, 9, 35, 37, 48, 79, 87, 20, 72, 38, 70, 42, 10, 54, 56, 41, 92, 1, 5, 46, 76, 80, 71, 58, 11, 4, 82, 23, 73, 51, 90, 85, 94, 52, 13, 22, 81, 24, 59, 47, 45, 62, 21, 14]"
270,4071.0,1478.0,"[34, 84, 83, 74, 98, 31, 89, 2, 12, 68, 96, 93, 25, 40, 19, 75, 9, 35, 37, 48, 79, 87, 20, 72, 38, 70, 42, 10, 54, 56, 41, 92, 1, 5, 46, 76, 80, 71, 58, 11, 4, 82, 23, 73, 51, 90, 85, 94, 52, 13, 22, 81, 24, 59, 47, 45, 62, 21, 14]"
271,4071.0,1478.0,"[34, 84, 83, 74, 98, 31, 89, 2, 12, 68, 96, 93, 25, 40, 19, 75, 9, 35, 37, 48, 79, 87, 20, 72, 38, 70, 42, 10, 54, 56, 41, 92, 1, 5, 46, 76, 80, 71, 58, 11, 4, 82, 23, 73, 51, 90, 85, 94, 52, 13, 22, 81, 24, 59, 47, 45, 62, 21, 14]"
272,4071.0,1478.0,"[34, 84, 83, 74, 98, 31, 89, 2, 12, 68, 96, 93, 25, 40, 19, 75, 9, 35, 37, 48, 79, 87, 20, 72, 38, 70, 42, 10, 54, 56, 41, 92, 1, 5, 46, 76, 80, 71, 58, 11, 4, 82, 23, 73, 51, 90, 85, 94, 52, 13, 22, 81, 24, 59, 47, 45, 62, 21, 14]"
273,4071.0,1478.0,"[34, 84, 83, 74, 98, 31, 89, 2, 12, 68, 96, 93, 25, 40, 19, 75, 9, 35, 37, 48, 79, 87, 20, 72, 38, 70, 42, 10, 54, 56, 41, 92, 1, 5, 46, 76, 80, 71, 58, 11, 4, 82, 23, 73, 51, 90, 85, 94, 52, 13, 22, 81, 24, 59, 47, 45, 62, 21, 14]"
274,4071.0,1478.0,"[34, 84, 83, 74, 98, 31, 89, 2, 12, 68, 96, 93, 25, 40, 19, 75, 9, 35, 37, 48, 79, 87, 20, 72, 38, 70, 42, 10, 54, 56, 41, 92, 1, 5, 46, 76, 80, 71, 58, 11, 4, 82, 23, 73, 51, 90, 85, 94, 52, 13, 22, 81, 24, 59, 47, 45, 62, 21, 14]"
275,4071.0,1478.0,"[34, 84, 83, 74, 98, 31, 89, 2, 12, 68, 96, 93, 25, 40, 19, 75, 9, 35, 37, 48, 79, 87, 20, 72, 38, 70, 42, 10, 54, 56, 41, 92, 1, 5, 46, 76, 80, 71, 58, 11, 4, 82, 23, 73, 51, 90, 85, 94, 52, 13, 22, 81, 24, 59, 47, 45, 62, 21, 14]"
276,4093.0,1434.0,"[34, 84, 83, 74, 98, 31, 89, 2, 12, 68, 96, 93, 25, 40, 19, 75, 9, 35, 37, 48, 79, 87, 20, 72, 38, 70, 42, 10, 54, 56, 41, 92, 1, 5, 46, 76, 71, 58, 11, 4, 82, 23, 73, 51, 90, 85, 94, 52, 13, 22, 81, 24, 59, 47, 45, 62, 21, 14, 77]"
277,4093.0,1434.0,"[34, 84, 83, 74, 98, 31, 89, 2, 12, 68, 96, 93, 25, 40, 19, 75, 9, 35, 37, 48, 79, 87, 20, 72, 38, 70, 42, 10, 54, 56, 41, 92, 1, 5, 46, 76, 71, 58, 11, 4, 82, 23, 73, 51, 90, 85, 94, 52, 13, 22, 81, 24, 59, 47, 45, 62, 21, 14, 77]"
278,4093.0,1434.0,"[34, 84, 83, 74, 98, 31, 89, 2, 12, 68, 96, 93, 25, 40, 19, 75, 9, 35, 37, 48, 79, 87, 20, 72, 38, 70, 42, 10, 54, 56, 41, 92, 1, 5, 46, 76, 71, 58, 11, 4, 82, 23, 73, 51, 90, 85, 94, 52, 13, 22, 81, 24, 59, 47, 45, 62, 21, 14, 77]"
279,4093.0,1434.0,"[34, 84, 83, 74, 98, 31, 89, 2, 12, 68, 96, 93, 25, 40, 19, 75, 9, 35, 37, 48, 79, 87, 20, 72, 38, 70, 42, 10, 54, 56, 41, 92, 1, 5, 46, 76, 71, 58, 11, 4, 82, 23, 73, 51, 90, 85, 94, 52, 13, 22, 81, 24, 59, 47, 45, 62, 21, 14, 77]"
280,4093.0,1434.0,"[34, 84, 83, 74, 98, 31, 89, 2, 12, 68, 96, 93, 25, 40, 19, 75, 9, 35, 37, 48, 79, 87, 20, 72, 38, 70, 42, 10, 54, 56, 41, 92, 1, 5, 46, 76, 71, 58, 11, 4, 82, 23, 73, 51, 90, 85, 94, 52, 13, 22, 81, 24, 59, 47, 45, 62, 21, 14, 77]"
281,4093.0,1434.0,"[34, 84, 83, 74, 98, 31, 89, 2, 12, 68, 96, 93, 25, 40, 19, 75, 9, 35, 37, 48, 79, 87, 20, 72, 38, 70, 42, 10, 54, 56, 41, 92, 1, 5, 46, 76, 71, 58, 11, 4, 82, 23, 73, 51, 90, 85, 94, 52, 13, 22, 81, 24, 59, 47, 45, 62, 21, 14, 77]"
282,4093.0,1434.0,"[34, 84, 83, 74, 98, 31, 89, 2, 12, 68, 96, 93, 25, 40, 19, 75, 9, 35, 37, 48, 79, 87, 20, 72, 38, 70, 42, 10, 54, 56, 41, 92, 1, 5, 46, 76, 71, 58, 11, 4, 82, 23, 73, 51, 90, 85, 94, 52, 13, 22, 81, 24, 59, 47, 45, 62, 21, 14, 77]"
283,4106.0,1408.0,"[34, 84, 83, 74, 98, 31, 89, 2, 12, 68, 96, 93, 25, 40, 19, 75, 9, 35, 37, 48, 79, 87, 20, 72, 38, 70, 42, 10, 54, 56, 41, 92, 1, 46, 76, 71, 58, 11, 4, 82, 23, 73, 51, 90, 85, 94, 52, 13, 22, 81, 24, 59, 47, 45, 62, 21, 14, 77, 16]"
284,4106.0,1408.0,"[34, 84, 83, 74, 98, 31, 89, 2, 12, 68, 96, 93, 25, 40, 19, 75, 9, 35, 37, 48, 79, 87, 20, 72, 38, 70, 42, 10, 54, 56, 41, 92, 1, 46, 76, 71, 58, 11, 4, 82, 23, 73, 51, 90, 85, 94, 52, 13, 22, 81, 24, 59, 47, 45, 62, 21, 14, 77, 16]"
